wavelength,cardboardsci_0001,cardboardsci_0002,cardboardsci_0003,cardboardsci_0004,cardboardsci_0005,cardboardsci_0006,cardboardsci_0007,cardboardsci_0008,cardboardsci_0009,cardboardsci_0010,cardboardsci_0011,cardboardsci_0012,cardboardsci_0013,cardboardsci_0014,cardboardsci_0015,cardboardsci_0016,cardboardsci_0017,cardboardsci_0018,cardboardsci_0019,cardboardsci_0020,cardboardsci_0021,cardboardsci_0022,cardboardsci_0023,cardboardsci_0024,cardboardsci_0025,cardboardsci_0026,cardboardsci_0027,cardboardsci_0028,cardboardsci_0029,cardboardsci_0030,cardboardsci_0031,cardboardsci_0032,cardboardsci_0033,cardboardsci_0034,cardboardsci_0035,cardboardsci_0036,cardboardsci_0037,cardboardsci_0038,cardboardsci_0039,cardboardsci_0040,cardboardsci_0041,cardboardsci_0042,cardboardsci_0043,cardboardsci_0044,cardboardsci_0045,cardboardsci_0046,cardboardsci_0047,cardboardsci_0048,cardboardsci_0049,cardboardsci_0050,cardboardsci_0051,cardboardsci_0052,cardboardsci_0053,cardboardsci_0054,cardboardsci_0055,cardboardsci_0056,cardboardsci_0057,cardboardsci_0058,cardboardsci_0059,cardboardsci_0060,cardboardsci_0061,cardboardsci_0062,cardboardsci_0063,cardboardsci_0064,cardboardsci_0065,cardboardsci_0066,cardboardsci_0067,cardboardsci_0068,cardboardsci_0069,cardboardsci_0070,cardboardsci_0071,cardboardsci_0072,cardboardsci_0073,cardboardsci_0074,cardboardsci_0075,cardboardsci_0076,cardboardsci_0077,cardboardsci_0078,cardboardsci_0079,cardboardsci_0080,cardboardsci_0081,cardboardsci_0082,cardboardsci_0083,cardboardsci_0084,cardboardsci_0085,cardboardsci_0086,cardboardsci_0087,cardboardsci_0088,cardboardsci_0089,cardboardsci_0090,cardboardsci_0091,cardboardsci_0092,cardboardsci_0093,cardboardsci_0094,cardboardsci_0095,cardboardsci_0096,cardboardsci_0097,cardboardsci_0098,cardboardsci_0099,cardboardsci_0100,cardboardsci_0101,cardboardsci_0102,cardboardsci_0103,cardboardsci_0104,cardboardsci_0105,cardboardsci_0106,cardboardsci_0107,cardboardsci_0108,cardboardsci_0109,cardboardsci_0110,cardboardsci_0111,cardboardsci_0112,cardboardsci_0113,cardboardsci_0114,cardboardsci_0115,cardboardsci_0116,cardboardsci_0117,cardboardsci_0118,cardboardsci_0119,cardboardsci_0120,cardboardsci_0121,cardboardsci_0122,cardboardsci_0123,cardboardsci_0124,cardboardsci_0125,cardboardsci_0126,cardboardsci_0127,cardboardsci_0128,cardboardsci_0129,cardboardsci_0130,cardboardsci_0131,cardboardsci_0132,cardboardsci_0133,cardboardsci_0134,cardboardsci_0135,cardboardsci_0136,cardboardsci_0137,cardboardsci_0138,cardboardsci_0139,cardboardsci_0140,cardboardsci_0141,cardboardsci_0142,cardboardsci_0143,cardboardsci_0144,cardboardsci_0145,cardboardsci_0146,cardboardsci_0147,cardboardsci_0148,cardboardsci_0149,cardboardsci_0150,cardboardsci_0151,cardboardsci_0152,cardboardsci_0153,cardboardsci_0154,cardboardsci_0155,cardboardsci_0156,cardboardsci_0157,cardboardsci_0158,cardboardsci_0159,cardboardsci_0160,cardboardsci_0161,cardboardsci_0162,cardboardsci_0163,cardboardsci_0164,cardboardsci_0165,cardboardsci_0166,cardboardsci_0167,cardboardsci_0168,cardboardsci_0169,cardboardsci_0170,cardboardsci_0171,cardboardsci_0172,cardboardsci_0173,cardboardsci_0174,cardboardsci_0175,cardboardsci_0176,cardboardsci_0177,cardboardsci_0178,cardboardsci_0179,cardboardsci_0180,cardboardsci_0181,cardboardsci_0182,cardboardsci_0183,cardboardsci_0184,cardboardsci_0185,cardboardsci_0186,cardboardsci_0187,cardboardsci_0188,cardboardsci_0189,cardboardsci_0190,cardboardsci_0191,cardboardsci_0192,cardboardsci_0193,cardboardsci_0194,cardboardsci_0195,cardboardsci_0196,cardboardsci_0197,cardboardsci_0198,cardboardsci_0199,cardboardsci_0200,cardboardsci_0201,cardboardsci_0202,cardboardsci_0203,cardboardsci_0204,cardboardsci_0205,cardboardsci_0206,cardboardsci_0207,cardboardsci_0208,cardboardsci_0209,cardboardsci_0210
400,0.0731,0.0712,0.0622,0.0632,0.062,0.0618,0.0751,0.0756,0.0751,0.5762,0.5718,0.5747,0.619,0.6123,0.6142,0.2168,0.2112,0.2117,0.2568,0.2554,0.2552,0.3174,0.3139,0.3148,0.2652,0.262,0.2641,0.6128,0.6072,0.6145,0.1945,0.1924,0.1917,0.4338,0.43,0.4323,0.3716,0.3683,0.3696,0.4241,0.4214,0.4206,0.6278,0.6232,0.6237,0.6034,0.5964,0.5998,0.6185,0.6131,0.6135,0.5743,0.5661,0.5719,0.5913,0.5837,0.5882,0.6334,0.6267,0.628,0.4259,0.4211,0.421,0.6409,0.6347,0.6367,0.5732,0.5678,0.5691,0.0869,0.0855,0.0859,0.1173,0.1172,0.1167,0.1081,0.1069,0.1038,0.083,0.0822,0.0831,0.2454,0.2442,0.2429,0.0627,0.0624,0.0622,0.0606,0.0598,0.0595,0.1136,0.1149,0.1148,0.3254,0.3225,0.3246,0.3759,0.3704,0.3744,0.132,0.131,0.132,0.4224,0.4191,0.4181,0.3315,0.3293,0.3304,0.5575,0.5504,0.5542,0.4732,0.4677,0.4712,0.1006,0.0984,0.0987,0.0927,0.09,0.0918,0.0624,0.0622,0.0627,0.1407,0.1391,0.1384,0.0988,0.0984,0.0982,0.1064,0.1051,0.1064,0.2532,0.2508,0.2536,0.2389,0.234,0.2367,0.5912,0.5763,0.59,0.4911,0.4858,0.4903,0.3866,0.3815,0.3863,0.3452,0.3431,0.3396,0.5093,0.503,0.5057,0.689,0.6851,0.6681,0.4907,0.4869,0.4881,0.2541,0.2466,0.2484,0.5211,0.5158,0.5157,0.6783,0.6727,0.674,0.5031,0.4948,0.5004,0.4488,0.4419,0.4501,0.24,0.2365,0.2414,0.6337,0.6262,0.63,0.2884,0.2888,0.2905,0.0673,0.0677,0.0672,0.0863,0.0865,0.0863,0.2948,0.2931,0.2907,0.1911,0.1892,0.1886,0.0853,0.0843,0.0854,0.3422,0.3416,0.3425,0.1224,0.1203,0.1222,0.1,0.0984,0.098,0.1185,0.118,0.1179
410,0.0735,0.0718,0.0624,0.0616,0.0604,0.0605,0.073,0.0732,0.0731,0.6063,0.6018,0.6055,0.6668,0.6597,0.662,0.2498,0.2439,0.2443,0.2457,0.2449,0.2441,0.3825,0.379,0.3796,0.2535,0.2508,0.2527,0.6412,0.6355,0.6413,0.2384,0.2357,0.235,0.4916,0.4876,0.4898,0.4424,0.4386,0.4397,0.4814,0.4786,0.4779,0.6598,0.655,0.656,0.6397,0.6335,0.6365,0.6425,0.6371,0.6381,0.6264,0.6184,0.6239,0.6406,0.6329,0.6374,0.6715,0.6649,0.6667,0.4818,0.4769,0.4769,0.672,0.6655,0.6676,0.5576,0.5526,0.5541,0.0827,0.0813,0.0817,0.1098,0.1097,0.1094,0.0985,0.0978,0.0948,0.077,0.076,0.0771,0.2242,0.2235,0.2222,0.0609,0.0605,0.0606,0.0594,0.0589,0.0587,0.1034,0.1048,0.1045,0.3231,0.3203,0.3226,0.3476,0.3427,0.3464,0.1179,0.117,0.1181,0.3987,0.3957,0.3953,0.3725,0.3704,0.3717,0.555,0.5488,0.552,0.4636,0.4585,0.4617,0.0921,0.0901,0.0903,0.087,0.0846,0.0861,0.0604,0.0605,0.0609,0.1312,0.1295,0.1289,0.0895,0.0896,0.0894,0.1041,0.1025,0.1037,0.23,0.228,0.2304,0.2402,0.2353,0.2383,0.5821,0.5682,0.581,0.4839,0.479,0.4833,0.4017,0.3962,0.4008,0.587,0.5833,0.58,0.4992,0.4935,0.4959,0.7823,0.7728,0.7619,0.681,0.6683,0.676,0.5193,0.5088,0.5108,0.6068,0.602,0.6016,0.7616,0.7555,0.7578,0.5827,0.5747,0.5803,0.5808,0.5697,0.5847,0.4824,0.4804,0.4842,0.6306,0.6237,0.627,0.2695,0.2702,0.2718,0.0655,0.0658,0.0654,0.0832,0.0834,0.0832,0.2758,0.2744,0.2723,0.1786,0.1772,0.1767,0.0819,0.0812,0.0819,0.3343,0.3342,0.3354,0.1131,0.1113,0.1129,0.0912,0.0896,0.0896,0.1076,0.1073,0.1072
420,0.0735,0.0719,0.0625,0.0599,0.0588,0.0589,0.0705,0.071,0.0707,0.6344,0.6296,0.6339,0.7063,0.6991,0.7019,0.2812,0.2749,0.2756,0.2345,0.2337,0.2331,0.4427,0.4386,0.4397,0.2415,0.2392,0.2409,0.6658,0.6606,0.6647,0.2783,0.2754,0.2745,0.5381,0.5342,0.5361,0.5051,0.5014,0.5021,0.5275,0.5253,0.5243,0.6859,0.6811,0.6824,0.6704,0.6643,0.6671,0.6617,0.6567,0.6578,0.6713,0.6635,0.6687,0.678,0.6707,0.6749,0.7005,0.6941,0.6968,0.5268,0.5222,0.5221,0.6961,0.689,0.6918,0.539,0.5347,0.5363,0.0794,0.078,0.0786,0.1039,0.1039,0.1038,0.0925,0.0918,0.0891,0.073,0.072,0.0732,0.2101,0.2097,0.2084,0.0608,0.0606,0.0605,0.0598,0.0592,0.059,0.0945,0.0957,0.0956,0.3211,0.3185,0.3208,0.3196,0.3149,0.3185,0.1064,0.1055,0.1069,0.3709,0.3684,0.3682,0.4016,0.3995,0.4014,0.5507,0.545,0.5477,0.4542,0.4495,0.4523,0.0845,0.0827,0.0829,0.0827,0.0806,0.0821,0.0591,0.0591,0.0595,0.123,0.1213,0.1212,0.0812,0.0816,0.0813,0.1017,0.1001,0.1012,0.2098,0.2078,0.2101,0.2484,0.2438,0.2468,0.5716,0.5593,0.5709,0.4739,0.4698,0.4738,0.41,0.4049,0.4092,0.8429,0.8375,0.8361,0.4847,0.4795,0.482,0.8571,0.8401,0.8368,0.829,0.8011,0.8207,0.8526,0.8377,0.8423,0.6724,0.6686,0.6679,0.8274,0.8202,0.8243,0.6394,0.632,0.6372,0.6975,0.6816,0.7036,0.7926,0.7897,0.7916,0.623,0.6169,0.6201,0.2584,0.2594,0.2608,0.0662,0.0661,0.0659,0.0815,0.0817,0.0816,0.2645,0.2633,0.2616,0.1715,0.1708,0.1701,0.0807,0.0799,0.0808,0.3354,0.3355,0.3365,0.1047,0.1031,0.1049,0.0868,0.0855,0.0852,0.1009,0.1008,0.1006
430,0.0736,0.0718,0.0625,0.058,0.0568,0.057,0.0678,0.0684,0.068,0.6518,0.6474,0.6523,0.7369,0.729,0.7326,0.3026,0.2963,0.2973,0.2244,0.2238,0.2233,0.4992,0.4944,0.4959,0.2312,0.2289,0.2306,0.6808,0.6754,0.6786,0.312,0.3088,0.3081,0.572,0.5681,0.57,0.5614,0.5575,0.558,0.562,0.5598,0.5588,0.7049,0.6991,0.7011,0.694,0.6877,0.6906,0.6759,0.6712,0.6718,0.7071,0.6993,0.7045,0.7047,0.697,0.7016,0.7212,0.7152,0.7177,0.5603,0.5556,0.5553,0.7122,0.7044,0.7078,0.5227,0.519,0.5204,0.0781,0.0769,0.0773,0.1031,0.1029,0.103,0.0929,0.0922,0.0896,0.0738,0.0729,0.0739,0.2078,0.2074,0.2059,0.0652,0.065,0.0648,0.064,0.0637,0.0635,0.0892,0.0905,0.0906,0.3209,0.3185,0.3204,0.2991,0.2947,0.2983,0.1016,0.1009,0.1022,0.3478,0.3455,0.3454,0.4133,0.4111,0.4134,0.5452,0.5397,0.5423,0.446,0.4417,0.4442,0.08,0.0785,0.0785,0.0822,0.0803,0.0818,0.0591,0.059,0.0593,0.1175,0.1161,0.1157,0.0763,0.0767,0.0763,0.1006,0.0991,0.1001,0.1962,0.1945,0.1964,0.2679,0.263,0.2661,0.5608,0.5496,0.561,0.4637,0.4602,0.4637,0.4116,0.4067,0.4108,0.9617,0.9552,0.956,0.4703,0.4654,0.4678,0.8856,0.863,0.8658,0.878,0.8387,0.8686,1.0494,1.0263,1.0381,0.6946,0.6914,0.6903,0.8546,0.8461,0.8513,0.6555,0.6484,0.6534,0.7408,0.7223,0.7479,0.9722,0.965,0.9674,0.6141,0.6087,0.6116,0.2603,0.2616,0.2629,0.0711,0.0712,0.0709,0.0827,0.083,0.0831,0.2667,0.2656,0.2637,0.1743,0.1738,0.1729,0.0827,0.0819,0.0828,0.3499,0.3496,0.3506,0.1012,0.0997,0.1016,0.0892,0.0877,0.0875,0.1,0.0998,0.0995
440,0.0735,0.0718,0.0624,0.0558,0.0548,0.055,0.0651,0.0655,0.0652,0.6596,0.6551,0.6598,0.7679,0.7583,0.763,0.3163,0.3099,0.3109,0.2141,0.2136,0.213,0.566,0.5595,0.5615,0.2206,0.2182,0.2202,0.6848,0.6792,0.6819,0.3436,0.3402,0.3396,0.6048,0.6009,0.6028,0.6259,0.6218,0.6224,0.5956,0.5932,0.5925,0.7231,0.7166,0.7187,0.7177,0.7112,0.7145,0.6898,0.685,0.6856,0.7429,0.7345,0.74,0.7355,0.727,0.7321,0.741,0.7349,0.7377,0.5928,0.5877,0.5874,0.7265,0.7174,0.7216,0.5108,0.5072,0.5088,0.0783,0.0772,0.0775,0.1058,0.1057,0.1057,0.098,0.0973,0.0945,0.0781,0.0772,0.0782,0.2147,0.2142,0.2126,0.0741,0.0736,0.0737,0.0726,0.0719,0.0717,0.0864,0.0876,0.0877,0.3229,0.3204,0.3224,0.2843,0.2802,0.2839,0.1018,0.1009,0.1023,0.3315,0.3296,0.3297,0.4269,0.425,0.4269,0.5372,0.532,0.5344,0.4354,0.4312,0.4338,0.0767,0.0752,0.0753,0.084,0.0823,0.0836,0.0597,0.0595,0.0599,0.112,0.1107,0.1102,0.0727,0.0731,0.0728,0.0998,0.0982,0.0992,0.1845,0.1832,0.1849,0.2917,0.2867,0.2898,0.5495,0.5389,0.5498,0.4548,0.4516,0.4551,0.4148,0.4104,0.4141,0.9878,0.9799,0.9826,0.4574,0.453,0.4554,0.8994,0.8729,0.8807,0.8922,0.8479,0.883,1.1022,1.0706,1.0911,0.7073,0.704,0.703,0.871,0.8611,0.8676,0.6636,0.6563,0.6615,0.7542,0.7343,0.7616,1.0195,1.0085,1.013,0.6065,0.6017,0.6043,0.2743,0.2753,0.2768,0.081,0.0814,0.0811,0.0873,0.0876,0.0875,0.2811,0.2798,0.2779,0.1865,0.1856,0.1849,0.0877,0.087,0.0879,0.3792,0.3787,0.3796,0.1039,0.1025,0.1042,0.0965,0.0948,0.0948,0.1034,0.1032,0.103
450,0.0734,0.0715,0.0624,0.0539,0.0531,0.0532,0.0628,0.0631,0.0628,0.6564,0.6516,0.6554,0.7911,0.7798,0.7857,0.32,0.3139,0.3146,0.2027,0.2023,0.2017,0.6171,0.6079,0.6113,0.2087,0.2068,0.2083,0.6738,0.6683,0.6707,0.354,0.3505,0.3497,0.6249,0.6208,0.6225,0.6731,0.6688,0.6696,0.6156,0.6135,0.613,0.7376,0.7304,0.7329,0.7376,0.7306,0.7341,0.7013,0.6962,0.6972,0.7695,0.7606,0.7661,0.7631,0.7532,0.7592,0.7556,0.7494,0.7525,0.6126,0.6073,0.6071,0.7357,0.7255,0.7301,0.507,0.5035,0.5053,0.0796,0.0782,0.0785,0.111,0.111,0.1109,0.1067,0.1059,0.1029,0.0845,0.0833,0.0846,0.2306,0.2298,0.2285,0.0869,0.0866,0.0866,0.0847,0.0837,0.0836,0.0856,0.0867,0.0867,0.3263,0.3238,0.3262,0.2784,0.2743,0.2781,0.1056,0.1048,0.1062,0.3255,0.3237,0.3238,0.4398,0.4378,0.4395,0.5246,0.5198,0.5222,0.4196,0.4154,0.4181,0.0738,0.0723,0.0726,0.0869,0.0852,0.0862,0.0596,0.0596,0.06,0.1049,0.1036,0.1033,0.0699,0.0702,0.07,0.0974,0.0958,0.0968,0.1744,0.1729,0.1746,0.2897,0.2849,0.2881,0.5363,0.5258,0.5364,0.4491,0.4459,0.4494,0.4188,0.4143,0.4179,0.962,0.9532,0.9564,0.4507,0.4465,0.4489,0.9006,0.872,0.8835,0.8883,0.8418,0.8796,1.0682,1.034,1.0584,0.7109,0.7071,0.7063,0.8765,0.8656,0.8732,0.6631,0.6562,0.661,0.7489,0.7284,0.7559,0.9958,0.9833,0.9895,0.604,0.5993,0.602,0.3018,0.3025,0.3044,0.0978,0.0979,0.0976,0.095,0.0954,0.0952,0.3086,0.3073,0.3052,0.2088,0.2078,0.2072,0.0958,0.0952,0.096,0.4238,0.4229,0.4235,0.1122,0.1109,0.1125,0.1094,0.1076,0.1076,0.1109,0.1109,0.1106
460,0.0734,0.0717,0.0626,0.0527,0.0517,0.052,0.061,0.0613,0.0609,0.6447,0.6399,0.6425,0.8068,0.794,0.8013,0.3159,0.31,0.3106,0.1892,0.189,0.1885,0.6465,0.6346,0.6397,0.1945,0.1927,0.1941,0.652,0.6463,0.6492,0.341,0.3378,0.3368,0.6319,0.6278,0.6292,0.6997,0.6953,0.6959,0.623,0.6208,0.6202,0.7516,0.7433,0.7468,0.7537,0.7461,0.7497,0.7116,0.7061,0.7073,0.787,0.7777,0.7833,0.7785,0.7671,0.7742,0.7665,0.7601,0.7633,0.6199,0.6147,0.6146,0.7419,0.7305,0.7356,0.5116,0.5081,0.5099,0.0821,0.0806,0.0809,0.1206,0.1202,0.1202,0.1216,0.1206,0.1175,0.0953,0.094,0.0954,0.2575,0.2567,0.2553,0.1119,0.1115,0.1112,0.1076,0.1063,0.1062,0.0869,0.088,0.0881,0.3326,0.3301,0.3324,0.2808,0.2767,0.2804,0.1143,0.1132,0.1149,0.3295,0.3278,0.3279,0.4551,0.4527,0.4543,0.5083,0.5034,0.5056,0.3981,0.3941,0.3967,0.072,0.0706,0.0707,0.0917,0.09,0.091,0.06,0.0599,0.0604,0.0973,0.0961,0.0959,0.0683,0.0686,0.0684,0.0939,0.0924,0.0933,0.1656,0.1642,0.1659,0.2509,0.2461,0.2491,0.5188,0.5087,0.5196,0.447,0.4441,0.4474,0.4253,0.4207,0.4244,0.9321,0.9232,0.9262,0.4504,0.4462,0.4486,0.9011,0.8707,0.8851,0.8842,0.8362,0.8763,1.0244,0.9899,1.0156,0.7145,0.7107,0.71,0.8808,0.869,0.8775,0.6674,0.6604,0.6652,0.7414,0.7209,0.7484,0.9614,0.9485,0.9558,0.6072,0.6022,0.6051,0.3521,0.3525,0.3546,0.1302,0.1303,0.1297,0.1062,0.1067,0.1066,0.3584,0.3568,0.3543,0.2502,0.249,0.2482,0.1079,0.1072,0.1082,0.4818,0.4801,0.4804,0.1273,0.1259,0.1278,0.136,0.1338,0.1337,0.1232,0.1233,0.123
470,0.0734,0.0716,0.0625,0.0516,0.0505,0.0507,0.0596,0.06,0.0595,0.6261,0.6214,0.6229,0.8187,0.8046,0.813,0.3053,0.2994,0.3,0.1738,0.1736,0.1733,0.6654,0.6515,0.6577,0.1782,0.1764,0.1779,0.6238,0.6182,0.6213,0.3176,0.3146,0.3138,0.6331,0.6289,0.6307,0.7169,0.7123,0.7129,0.6248,0.6224,0.6218,0.7652,0.7557,0.7602,0.7655,0.7573,0.7614,0.7199,0.7142,0.7153,0.8001,0.7902,0.7963,0.7825,0.7708,0.7782,0.7755,0.769,0.7723,0.6216,0.6162,0.6162,0.7456,0.7332,0.7389,0.5204,0.517,0.5186,0.0855,0.0839,0.0844,0.1361,0.1356,0.1357,0.1463,0.1452,0.1416,0.1138,0.1125,0.1139,0.2985,0.2975,0.296,0.162,0.1615,0.1611,0.1541,0.1525,0.1522,0.0899,0.0911,0.0914,0.3424,0.3397,0.3421,0.2877,0.2834,0.2873,0.1297,0.1285,0.1302,0.3398,0.3379,0.3382,0.4731,0.4706,0.4717,0.4894,0.4847,0.4866,0.3729,0.3691,0.3717,0.071,0.0697,0.0698,0.099,0.0976,0.0984,0.0605,0.0605,0.0608,0.0906,0.0894,0.0891,0.0674,0.0677,0.0676,0.0901,0.0888,0.0895,0.158,0.1568,0.1584,0.1957,0.1913,0.1937,0.4981,0.4886,0.4993,0.4473,0.4444,0.4478,0.4328,0.4281,0.432,0.9166,0.9077,0.911,0.4522,0.4479,0.4503,0.9044,0.8724,0.89,0.885,0.8355,0.8778,1.0014,0.9668,0.9937,0.7211,0.7172,0.7165,0.8873,0.8745,0.8844,0.6764,0.6696,0.6743,0.7395,0.7187,0.7463,0.9424,0.9291,0.937,0.6122,0.6072,0.6102,0.4373,0.4369,0.4394,0.1944,0.1944,0.1939,0.1214,0.122,0.1217,0.443,0.4401,0.4367,0.3247,0.3228,0.3221,0.1246,0.1236,0.1248,0.5428,0.5402,0.5403,0.157,0.1555,0.1574,0.1929,0.1899,0.1902,0.1422,0.1422,0.1419
480,0.0733,0.0714,0.0625,0.0509,0.05,0.0502,0.0589,0.0591,0.0588,0.6028,0.5979,0.5981,0.8251,0.8105,0.8196,0.2887,0.283,0.2835,0.1587,0.1583,0.1581,0.6631,0.6497,0.656,0.162,0.1604,0.1619,0.5924,0.5869,0.59,0.2879,0.2854,0.2842,0.6268,0.6231,0.6248,0.7146,0.7102,0.7109,0.6183,0.6159,0.6154,0.7773,0.7669,0.7718,0.7712,0.7626,0.7671,0.724,0.718,0.7193,0.8069,0.7966,0.8029,0.7788,0.7678,0.7748,0.7827,0.7765,0.7798,0.6158,0.6104,0.6103,0.7472,0.7344,0.7401,0.5364,0.5327,0.5349,0.09,0.0883,0.0888,0.1585,0.1576,0.1578,0.1852,0.1837,0.1795,0.1437,0.1423,0.1437,0.3571,0.3558,0.3545,0.2516,0.2507,0.2506,0.24,0.2375,0.2371,0.0949,0.0962,0.0963,0.3564,0.3536,0.3561,0.3007,0.2965,0.3004,0.1552,0.1538,0.1555,0.359,0.357,0.3575,0.4892,0.4866,0.4872,0.4704,0.4658,0.4677,0.3466,0.3431,0.3458,0.0704,0.069,0.0693,0.108,0.1069,0.1073,0.0606,0.0606,0.0611,0.0846,0.0835,0.0832,0.067,0.0672,0.0672,0.0865,0.0852,0.0859,0.1522,0.1511,0.1527,0.1444,0.1407,0.1426,0.4775,0.4683,0.4786,0.4509,0.4482,0.4515,0.4383,0.4336,0.4373,0.9045,0.8954,0.899,0.4569,0.4529,0.4552,0.9088,0.8752,0.8953,0.8869,0.8361,0.8812,0.9844,0.9494,0.9778,0.726,0.722,0.7212,0.8947,0.8806,0.8917,0.682,0.675,0.68,0.7386,0.7176,0.7457,0.9276,0.9145,0.9226,0.6214,0.616,0.6194,0.5562,0.5544,0.557,0.3036,0.3028,0.3028,0.143,0.1436,0.1431,0.5619,0.5532,0.551,0.4356,0.4326,0.432,0.146,0.1448,0.1461,0.5957,0.592,0.5917,0.2126,0.2109,0.2129,0.2991,0.2947,0.2956,0.1698,0.1695,0.1694
490,0.0732,0.0715,0.0626,0.0507,0.0499,0.0503,0.0588,0.059,0.0589,0.5768,0.5718,0.5707,0.8252,0.811,0.8199,0.2677,0.2623,0.2625,0.1447,0.1444,0.1442,0.6392,0.6285,0.6332,0.1471,0.1457,0.1469,0.5597,0.5542,0.5576,0.2563,0.2542,0.2531,0.6122,0.6084,0.6102,0.6931,0.6889,0.6896,0.603,0.6007,0.6002,0.7869,0.7754,0.7812,0.7706,0.7624,0.7666,0.7212,0.7156,0.7169,0.8062,0.796,0.8019,0.7686,0.7585,0.7647,0.7893,0.7829,0.7863,0.6015,0.5962,0.5962,0.7464,0.7333,0.739,0.5641,0.5604,0.5626,0.095,0.0931,0.0937,0.1866,0.1856,0.1858,0.2422,0.2402,0.2355,0.1893,0.1873,0.1885,0.4331,0.4313,0.43,0.3756,0.3744,0.3741,0.364,0.3596,0.359,0.1023,0.1037,0.1037,0.3732,0.3703,0.3727,0.3241,0.3198,0.3235,0.1924,0.191,0.1924,0.3936,0.3915,0.3921,0.4985,0.4956,0.4959,0.4524,0.4479,0.4499,0.3211,0.3178,0.3206,0.07,0.0686,0.0689,0.1169,0.1159,0.1161,0.0601,0.0602,0.0606,0.079,0.078,0.0779,0.0668,0.067,0.0669,0.0829,0.0815,0.0821,0.1505,0.1493,0.1511,0.1059,0.1031,0.1045,0.4572,0.4484,0.4586,0.4576,0.4546,0.4581,0.4404,0.4359,0.4394,0.892,0.8831,0.8864,0.466,0.4621,0.4646,0.9118,0.8775,0.9001,0.8885,0.8367,0.8841,0.9676,0.9328,0.9619,0.7265,0.7225,0.7218,0.9008,0.8858,0.8983,0.6823,0.6753,0.6802,0.7382,0.717,0.7454,0.9118,0.8989,0.9072,0.6367,0.6306,0.6343,0.6721,0.6684,0.6711,0.4361,0.434,0.4348,0.17,0.1706,0.17,0.6794,0.6568,0.6617,0.5494,0.5454,0.545,0.17,0.1683,0.1697,0.6383,0.634,0.6338,0.2925,0.2899,0.2921,0.4385,0.4324,0.4337,0.2049,0.2041,0.2042
500,0.073,0.0712,0.0625,0.051,0.0502,0.0505,0.0594,0.0598,0.0595,0.5466,0.5418,0.5394,0.8193,0.8062,0.8143,0.2422,0.2372,0.2372,0.1317,0.1314,0.1311,0.5998,0.5918,0.5953,0.1329,0.1318,0.1328,0.5258,0.5204,0.5239,0.225,0.2234,0.2221,0.5882,0.5847,0.5865,0.6568,0.6532,0.6536,0.5781,0.576,0.5753,0.7952,0.7829,0.7898,0.7639,0.7562,0.7599,0.7122,0.7068,0.7077,0.7984,0.7886,0.7944,0.7507,0.7421,0.7473,0.7946,0.7881,0.7919,0.578,0.5727,0.5728,0.7434,0.7304,0.7363,0.608,0.6037,0.6062,0.1007,0.0988,0.0994,0.2259,0.2246,0.2246,0.3302,0.3275,0.3218,0.2639,0.2614,0.262,0.5266,0.5245,0.5236,0.5209,0.5176,0.5182,0.5127,0.5069,0.5062,0.1148,0.1163,0.1163,0.3934,0.3903,0.393,0.3635,0.3588,0.3626,0.2499,0.2483,0.2496,0.4545,0.4518,0.4523,0.5023,0.4995,0.4996,0.4393,0.435,0.4367,0.2986,0.2956,0.2983,0.0703,0.069,0.0692,0.1285,0.1274,0.1275,0.0596,0.0596,0.06,0.0758,0.0746,0.0745,0.0674,0.0675,0.0674,0.0796,0.0784,0.0788,0.1548,0.1536,0.1552,0.0786,0.0764,0.0774,0.4404,0.4322,0.4421,0.4665,0.4636,0.4672,0.4407,0.4362,0.4398,0.885,0.8763,0.8794,0.4782,0.4743,0.4767,0.9163,0.8807,0.906,0.892,0.8389,0.8889,0.9589,0.9249,0.9545,0.7249,0.7206,0.7202,0.9074,0.8919,0.9058,0.6805,0.6738,0.6784,0.7413,0.7196,0.7485,0.9014,0.8891,0.897,0.658,0.6507,0.6553,0.7528,0.7467,0.7504,0.557,0.5535,0.5555,0.1965,0.1968,0.1962,0.7613,0.7215,0.7379,0.6295,0.6254,0.6247,0.1933,0.1911,0.1926,0.6825,0.6765,0.6768,0.384,0.3811,0.3835,0.5699,0.5626,0.5645,0.2451,0.2437,0.2442
510,0.0726,0.0709,0.0623,0.052,0.051,0.0513,0.0604,0.061,0.0606,0.5158,0.5111,0.5078,0.8059,0.795,0.8017,0.2154,0.2106,0.2106,0.122,0.1217,0.1215,0.549,0.5435,0.5455,0.1227,0.1215,0.1226,0.4965,0.4912,0.4949,0.1973,0.1961,0.1947,0.5555,0.5522,0.5544,0.6094,0.606,0.6064,0.5448,0.5429,0.542,0.8015,0.7889,0.7963,0.7508,0.7439,0.7473,0.6999,0.6953,0.6957,0.7826,0.7737,0.7791,0.7261,0.7189,0.7234,0.7955,0.7888,0.7923,0.5464,0.541,0.541,0.7384,0.7255,0.7313,0.661,0.6556,0.6581,0.1083,0.1063,0.107,0.2771,0.2754,0.2751,0.4433,0.44,0.4334,0.3673,0.3645,0.3642,0.6147,0.6125,0.612,0.6512,0.641,0.646,0.6475,0.6364,0.6387,0.1336,0.1349,0.135,0.4162,0.4128,0.4156,0.4127,0.4076,0.4114,0.3291,0.3274,0.3286,0.5377,0.5342,0.5349,0.5067,0.5039,0.5037,0.4377,0.4335,0.4353,0.2869,0.2838,0.2866,0.0731,0.0718,0.0719,0.1452,0.1442,0.1442,0.0608,0.0609,0.0611,0.0771,0.0762,0.076,0.0703,0.0702,0.0702,0.0791,0.078,0.0784,0.164,0.1627,0.1645,0.0629,0.0612,0.0617,0.4349,0.4267,0.4368,0.4763,0.4735,0.4769,0.441,0.4364,0.44,0.8789,0.871,0.8738,0.4894,0.4855,0.4877,0.9214,0.8848,0.9126,0.8964,0.8424,0.8948,0.9525,0.919,0.9489,0.7224,0.718,0.7179,0.9145,0.8981,0.9134,0.6794,0.6727,0.6774,0.7453,0.7232,0.7526,0.8927,0.8809,0.8887,0.6807,0.6719,0.6775,0.7851,0.7777,0.7825,0.6308,0.6268,0.6295,0.2109,0.2113,0.2107,0.7935,0.7452,0.7688,0.6567,0.6526,0.6517,0.2092,0.2068,0.2085,0.7281,0.7194,0.7212,0.4578,0.4548,0.4575,0.6482,0.6399,0.6426,0.2783,0.2763,0.2773
520,0.072,0.0704,0.062,0.0529,0.0519,0.0522,0.0619,0.0622,0.062,0.4823,0.4778,0.4741,0.7814,0.7727,0.7777,0.1861,0.1817,0.182,0.1148,0.1147,0.1146,0.4832,0.4797,0.4806,0.1151,0.1141,0.1151,0.4687,0.4638,0.4676,0.1714,0.1705,0.1695,0.5109,0.5076,0.5103,0.5462,0.543,0.5436,0.5002,0.4983,0.4975,0.8042,0.791,0.7984,0.73,0.724,0.7268,0.6845,0.6803,0.6806,0.7541,0.7458,0.751,0.6896,0.6832,0.6874,0.785,0.7793,0.7814,0.503,0.498,0.498,0.7283,0.7156,0.7214,0.7155,0.7086,0.711,0.1183,0.116,0.1169,0.3373,0.3351,0.335,0.5782,0.5753,0.5673,0.5032,0.4995,0.4981,0.6795,0.6773,0.6776,0.7528,0.7273,0.7438,0.7513,0.7282,0.7404,0.1567,0.158,0.158,0.4423,0.4385,0.4413,0.4629,0.4575,0.461,0.4372,0.4359,0.4369,0.6405,0.6355,0.6365,0.5127,0.5101,0.5093,0.4451,0.4411,0.4428,0.2838,0.2809,0.2839,0.0761,0.0747,0.0748,0.1604,0.1599,0.1595,0.0618,0.0619,0.0622,0.0785,0.0777,0.0776,0.073,0.0728,0.0728,0.08,0.0788,0.0792,0.1767,0.1755,0.1776,0.0545,0.0533,0.0537,0.4376,0.4294,0.4396,0.4851,0.482,0.4852,0.4396,0.4351,0.4385,0.8711,0.8637,0.8661,0.4976,0.4936,0.4958,0.924,0.8882,0.9179,0.8993,0.8446,0.8995,0.9446,0.9118,0.9414,0.7173,0.7129,0.7127,0.9197,0.9029,0.9195,0.6776,0.6708,0.6753,0.7481,0.7255,0.7553,0.8823,0.8709,0.8785,0.7001,0.6895,0.6959,0.7782,0.7718,0.7765,0.6579,0.6538,0.6574,0.2111,0.2115,0.2109,0.7874,0.7419,0.7637,0.6367,0.6331,0.6322,0.2132,0.2106,0.2122,0.7696,0.7578,0.7619,0.4951,0.4922,0.4951,0.674,0.6661,0.6691,0.2972,0.2946,0.2961
530,0.0708,0.0695,0.0614,0.0534,0.0524,0.0526,0.0626,0.063,0.0627,0.4491,0.4445,0.4401,0.7497,0.7427,0.7463,0.1599,0.1557,0.156,0.1086,0.1083,0.1083,0.4151,0.4118,0.4131,0.1077,0.1069,0.1076,0.4434,0.4384,0.4421,0.149,0.1483,0.1471,0.4614,0.4583,0.4609,0.4783,0.4756,0.476,0.4513,0.4493,0.4485,0.8023,0.7898,0.7966,0.7051,0.6993,0.7018,0.666,0.6616,0.6621,0.718,0.7096,0.7145,0.6457,0.64,0.6439,0.7647,0.7597,0.7612,0.4551,0.4502,0.4501,0.7148,0.7027,0.7079,0.7574,0.7474,0.7519,0.1282,0.1258,0.1267,0.3955,0.3928,0.3931,0.703,0.6985,0.6911,0.6376,0.6331,0.6315,0.7161,0.7136,0.714,0.819,0.7763,0.8075,0.8189,0.7801,0.8058,0.1779,0.1792,0.179,0.4678,0.4639,0.4669,0.497,0.4918,0.4944,0.552,0.5498,0.5508,0.7361,0.7271,0.7289,0.518,0.5154,0.5148,0.4529,0.4486,0.4504,0.2824,0.2797,0.2824,0.0777,0.0762,0.0765,0.1728,0.1727,0.1723,0.0621,0.0622,0.0627,0.0786,0.0777,0.0776,0.0742,0.0743,0.0741,0.0806,0.0794,0.08,0.2052,0.2039,0.2063,0.0495,0.0486,0.049,0.4396,0.4314,0.4414,0.4902,0.4868,0.4905,0.4366,0.4319,0.4351,0.8674,0.86,0.8621,0.4997,0.4956,0.4979,0.9291,0.8924,0.9238,0.9056,0.8496,0.9074,0.9428,0.91,0.9399,0.7122,0.708,0.7078,0.9258,0.9091,0.9265,0.6761,0.6695,0.6738,0.7531,0.729,0.7608,0.876,0.8651,0.872,0.7112,0.6993,0.7063,0.7538,0.7482,0.7523,0.6642,0.6602,0.6639,0.202,0.2024,0.2016,0.7637,0.7262,0.7413,0.5938,0.5902,0.5895,0.205,0.2025,0.2041,0.7949,0.7801,0.7855,0.4925,0.4893,0.492,0.6736,0.6659,0.6685,0.3025,0.2998,0.3013
540,0.0704,0.0689,0.0608,0.0546,0.0534,0.0537,0.0632,0.0637,0.0632,0.4209,0.4161,0.4118,0.7102,0.7048,0.7074,0.1395,0.1358,0.1361,0.1052,0.1049,0.1048,0.3503,0.3472,0.3486,0.1035,0.103,0.1037,0.4261,0.4216,0.4253,0.1304,0.1299,0.1287,0.4105,0.408,0.4102,0.4114,0.4088,0.409,0.402,0.4001,0.3991,0.7931,0.7822,0.7879,0.6759,0.6707,0.6727,0.6432,0.6397,0.6394,0.6737,0.6653,0.6706,0.5965,0.5913,0.595,0.7339,0.7292,0.73,0.4063,0.4015,0.4014,0.6958,0.6848,0.6898,0.786,0.7727,0.7797,0.1375,0.1354,0.1361,0.466,0.4629,0.4633,0.8005,0.7921,0.7882,0.7492,0.7444,0.743,0.7397,0.7369,0.7376,0.8557,0.8014,0.8458,0.857,0.8067,0.8453,0.199,0.2,0.1996,0.4932,0.4895,0.4925,0.5171,0.512,0.5147,0.6558,0.6506,0.6527,0.8113,0.795,0.8019,0.5287,0.5255,0.5252,0.467,0.4629,0.4646,0.2889,0.2864,0.2892,0.0818,0.0805,0.0808,0.2049,0.2048,0.2047,0.0647,0.065,0.0652,0.0853,0.0841,0.084,0.0779,0.0776,0.0777,0.0846,0.0832,0.0838,0.2768,0.2747,0.2776,0.0487,0.0479,0.048,0.4507,0.4427,0.453,0.4936,0.4905,0.4936,0.435,0.4305,0.4338,0.8655,0.859,0.8604,0.4973,0.4932,0.4952,0.9338,0.8962,0.9301,0.9103,0.8539,0.9144,0.9436,0.9112,0.9416,0.7097,0.7058,0.7055,0.9319,0.9144,0.9329,0.6777,0.6716,0.6758,0.7587,0.7339,0.767,0.8729,0.8626,0.8692,0.7174,0.7048,0.7124,0.7167,0.7127,0.7161,0.6705,0.6664,0.6699,0.1884,0.1885,0.1882,0.7265,0.6987,0.7071,0.5389,0.5353,0.5347,0.1903,0.1878,0.1897,0.7955,0.7811,0.7868,0.4588,0.4556,0.4587,0.6597,0.6521,0.6547,0.302,0.2995,0.3008
550,0.0698,0.0683,0.0606,0.0556,0.0546,0.0547,0.0638,0.0643,0.064,0.3965,0.3918,0.3878,0.6594,0.6557,0.6572,0.1219,0.1185,0.1191,0.1055,0.1052,0.105,0.285,0.2825,0.2837,0.1035,0.1026,0.1034,0.4172,0.4129,0.4165,0.113,0.1128,0.1117,0.3556,0.3539,0.3558,0.3414,0.3393,0.3395,0.3492,0.3478,0.3468,0.7755,0.7668,0.7704,0.641,0.6362,0.6382,0.6152,0.6119,0.6114,0.6187,0.6098,0.6156,0.5402,0.5353,0.5394,0.6902,0.6865,0.6864,0.3534,0.3492,0.3491,0.6688,0.6591,0.6638,0.8109,0.795,0.8054,0.1483,0.1466,0.147,0.5715,0.5683,0.5677,0.8751,0.8596,0.8635,0.839,0.833,0.8336,0.7654,0.762,0.7632,0.8786,0.8174,0.8724,0.8816,0.8231,0.8723,0.2278,0.2284,0.2281,0.5192,0.5156,0.5185,0.5338,0.5287,0.5313,0.7499,0.7365,0.7445,0.869,0.8442,0.8602,0.5561,0.5528,0.5531,0.4987,0.4945,0.4965,0.3138,0.3107,0.3138,0.0897,0.0882,0.0884,0.2901,0.2889,0.2892,0.0701,0.0701,0.0704,0.1046,0.1033,0.103,0.085,0.0847,0.0845,0.0942,0.0927,0.0932,0.4076,0.4048,0.4086,0.0504,0.0497,0.0499,0.4896,0.4812,0.4922,0.4966,0.4939,0.497,0.4367,0.4325,0.4354,0.8663,0.8597,0.8612,0.4945,0.4905,0.4926,0.9399,0.902,0.9373,0.9153,0.8591,0.9221,0.9468,0.9147,0.9461,0.7102,0.7066,0.7059,0.9387,0.9204,0.9407,0.6853,0.6788,0.6837,0.7615,0.7364,0.7706,0.8722,0.8633,0.8689,0.7242,0.7113,0.7193,0.6663,0.6634,0.6664,0.6738,0.6703,0.6735,0.1714,0.1718,0.1714,0.6758,0.658,0.6604,0.4718,0.4686,0.4679,0.1712,0.1691,0.171,0.7752,0.7635,0.7672,0.4042,0.4007,0.404,0.6344,0.6271,0.6295,0.2997,0.2973,0.2986
560,0.0689,0.0677,0.0601,0.0559,0.0549,0.0552,0.0637,0.0639,0.0638,0.3747,0.37,0.3659,0.5999,0.5974,0.598,0.1058,0.1028,0.1035,0.1073,0.1069,0.107,0.2246,0.2227,0.2239,0.1043,0.1035,0.1044,0.4136,0.4094,0.4132,0.097,0.0971,0.096,0.2998,0.2985,0.2999,0.2738,0.2726,0.2727,0.2959,0.2949,0.294,0.7476,0.7409,0.7432,0.6008,0.5962,0.5985,0.5813,0.5781,0.5778,0.5549,0.5457,0.5517,0.4855,0.4808,0.485,0.6356,0.6329,0.6317,0.2997,0.2961,0.2962,0.6338,0.625,0.6295,0.8415,0.8216,0.8359,0.1639,0.1617,0.1623,0.6931,0.6898,0.6883,0.9218,0.8998,0.9126,0.9001,0.8908,0.8953,0.7997,0.7959,0.7979,0.8937,0.8284,0.8912,0.8969,0.8351,0.8917,0.2726,0.2731,0.2724,0.5433,0.5396,0.5425,0.5557,0.5506,0.5529,0.8257,0.7998,0.8192,0.9084,0.8754,0.903,0.6099,0.6057,0.6062,0.5582,0.5535,0.5559,0.3706,0.3672,0.3702,0.0982,0.0964,0.0969,0.4379,0.4344,0.4354,0.0749,0.0751,0.0754,0.1404,0.1389,0.1383,0.0926,0.0926,0.0924,0.1111,0.1093,0.1102,0.5724,0.5679,0.5724,0.0491,0.0485,0.0486,0.5736,0.5635,0.5747,0.4996,0.4967,0.4999,0.4397,0.4357,0.4385,0.8695,0.8623,0.8638,0.4982,0.4943,0.4967,0.9456,0.9078,0.9466,0.9214,0.8646,0.9304,0.9509,0.9193,0.9514,0.7123,0.709,0.7085,0.9456,0.9272,0.9486,0.6985,0.692,0.6965,0.7602,0.7352,0.7702,0.8731,0.8643,0.8701,0.736,0.7218,0.7309,0.6058,0.6038,0.6068,0.6575,0.6547,0.6575,0.1531,0.1535,0.1534,0.6149,0.6052,0.6033,0.3997,0.3969,0.3965,0.151,0.1492,0.1511,0.7366,0.729,0.7301,0.3388,0.3357,0.3385,0.5965,0.5898,0.5921,0.2992,0.2968,0.298
570,0.0683,0.0669,0.0599,0.0553,0.0542,0.0546,0.0622,0.0626,0.0622,0.3559,0.3513,0.3474,0.546,0.5441,0.544,0.0938,0.0911,0.0918,0.1123,0.1117,0.1118,0.1812,0.1796,0.1806,0.1073,0.1066,0.1075,0.4157,0.4115,0.4156,0.085,0.0852,0.084,0.2548,0.2537,0.255,0.2239,0.2231,0.2231,0.2534,0.2524,0.2515,0.7168,0.7116,0.7129,0.5626,0.5581,0.5602,0.5472,0.5444,0.5435,0.498,0.4886,0.4948,0.4534,0.4486,0.4527,0.5833,0.5809,0.5796,0.2565,0.2533,0.2534,0.5982,0.59,0.5946,0.8747,0.8487,0.8702,0.185,0.1824,0.1834,0.7814,0.7776,0.7761,0.9429,0.9177,0.9373,0.9312,0.9194,0.9273,0.8388,0.8336,0.837,0.9025,0.835,0.9029,0.9056,0.8426,0.904,0.3306,0.3302,0.3293,0.561,0.5574,0.5603,0.5851,0.5805,0.5825,0.8741,0.8363,0.8698,0.9296,0.8925,0.9297,0.6745,0.6685,0.6697,0.6369,0.6318,0.6344,0.463,0.459,0.4616,0.1156,0.1133,0.1138,0.5861,0.581,0.583,0.0867,0.0868,0.0871,0.2004,0.1982,0.1976,0.1102,0.1099,0.1098,0.1423,0.1397,0.1409,0.7023,0.6942,0.7009,0.0509,0.0502,0.0505,0.6818,0.6672,0.6807,0.5004,0.4975,0.5007,0.4429,0.4386,0.4417,0.8734,0.8658,0.8672,0.5077,0.5035,0.5061,0.951,0.9131,0.9554,0.9265,0.869,0.9377,0.9547,0.9233,0.9569,0.7138,0.7102,0.7099,0.9514,0.9331,0.9559,0.7106,0.7042,0.7084,0.7579,0.7323,0.7681,0.8751,0.8663,0.8721,0.7488,0.7334,0.7433,0.55,0.5488,0.5519,0.622,0.6198,0.6222,0.137,0.1377,0.1374,0.5587,0.5527,0.5496,0.3399,0.3378,0.3376,0.1345,0.1328,0.1346,0.6936,0.6888,0.6887,0.2824,0.2801,0.2829,0.5526,0.5465,0.5483,0.3025,0.3002,0.3014
580,0.0682,0.0667,0.0595,0.054,0.053,0.0532,0.0601,0.0606,0.0601,0.3388,0.3342,0.3308,0.5006,0.4995,0.4987,0.0845,0.082,0.0827,0.1198,0.1191,0.1192,0.1511,0.1498,0.1508,0.1129,0.1122,0.1131,0.4235,0.4196,0.4237,0.0762,0.0767,0.0755,0.2206,0.2198,0.2208,0.1887,0.1879,0.1878,0.2211,0.2203,0.2193,0.6875,0.6832,0.6841,0.527,0.5227,0.5248,0.5153,0.5127,0.5118,0.4512,0.4421,0.4482,0.4413,0.4363,0.4406,0.5376,0.5354,0.5342,0.2234,0.2206,0.2207,0.5654,0.5576,0.5627,0.9073,0.8746,0.9065,0.2088,0.2063,0.207,0.8429,0.8378,0.8379,0.9556,0.928,0.953,0.9493,0.9362,0.9477,0.8798,0.8723,0.8781,0.9094,0.8416,0.913,0.9136,0.8493,0.9142,0.3928,0.391,0.3898,0.576,0.5722,0.5751,0.6223,0.6175,0.6191,0.9065,0.8599,0.9074,0.9437,0.9045,0.9495,0.7358,0.7267,0.7301,0.728,0.7222,0.7256,0.588,0.5835,0.5857,0.1518,0.1491,0.1495,0.709,0.7035,0.7064,0.1137,0.1139,0.114,0.2948,0.292,0.2913,0.1482,0.1479,0.1476,0.1956,0.1921,0.1936,0.7946,0.7806,0.792,0.0619,0.0607,0.0612,0.7922,0.7678,0.7889,0.499,0.4966,0.4995,0.4462,0.4417,0.4455,0.8795,0.8717,0.8731,0.517,0.5128,0.515,0.9569,0.9192,0.9643,0.9321,0.8747,0.9461,0.9605,0.9291,0.9648,0.7137,0.7101,0.7095,0.9584,0.9402,0.9642,0.7194,0.713,0.7172,0.7585,0.7327,0.7689,0.8804,0.8718,0.8773,0.7592,0.7431,0.7541,0.5025,0.5021,0.5049,0.5835,0.5823,0.584,0.1227,0.1234,0.1232,0.5107,0.5069,0.5037,0.2937,0.2917,0.2914,0.1203,0.1188,0.1205,0.6537,0.6502,0.6497,0.2387,0.2368,0.2393,0.5087,0.5031,0.5044,0.3086,0.3064,0.3074
590,0.0686,0.0673,0.0601,0.0527,0.0516,0.052,0.0582,0.0587,0.0583,0.3279,0.3233,0.3202,0.4674,0.4667,0.4653,0.0789,0.0767,0.0775,0.1329,0.1321,0.1323,0.1331,0.1319,0.1328,0.1257,0.1247,0.126,0.4418,0.4377,0.442,0.0717,0.0719,0.0708,0.1989,0.1984,0.1992,0.1664,0.1657,0.1659,0.2004,0.1996,0.1988,0.662,0.6583,0.6586,0.4972,0.493,0.495,0.4885,0.4863,0.4852,0.418,0.4087,0.4145,0.4394,0.4345,0.4389,0.5019,0.5002,0.4984,0.2021,0.1998,0.1997,0.5391,0.5318,0.537,0.9303,0.8933,0.9349,0.2278,0.2255,0.226,0.8822,0.8756,0.8783,0.9608,0.9326,0.9611,0.9579,0.9437,0.9584,0.9114,0.9015,0.9111,0.9133,0.846,0.9194,0.9178,0.8537,0.9211,0.4389,0.4361,0.4349,0.5878,0.5841,0.5866,0.6578,0.653,0.6546,0.9247,0.8737,0.9319,0.9525,0.9126,0.9634,0.7774,0.7653,0.7713,0.8133,0.8053,0.8104,0.7186,0.7127,0.7153,0.2182,0.2145,0.2152,0.7915,0.7858,0.7899,0.1663,0.1659,0.1658,0.4173,0.4141,0.4136,0.2186,0.2177,0.2179,0.2693,0.2651,0.267,0.8491,0.8287,0.8471,0.1036,0.1008,0.1023,0.8768,0.8384,0.8752,0.495,0.4925,0.4956,0.451,0.4468,0.4504,0.8881,0.8806,0.8821,0.5171,0.5129,0.5153,0.9629,0.9253,0.9737,0.9377,0.8806,0.9545,0.9675,0.9364,0.9741,0.712,0.7084,0.7079,0.9661,0.9479,0.973,0.7234,0.7168,0.721,0.761,0.7356,0.772,0.8896,0.8807,0.8871,0.7631,0.7471,0.7582,0.4652,0.4653,0.4677,0.5459,0.5459,0.5469,0.1113,0.1118,0.1117,0.4732,0.4709,0.4678,0.2606,0.2585,0.2582,0.1095,0.1079,0.1099,0.6157,0.6137,0.6126,0.2071,0.2053,0.2077,0.4647,0.4598,0.461,0.3137,0.3116,0.3126
600,0.0696,0.0684,0.0611,0.0518,0.0507,0.0512,0.0568,0.0571,0.0569,0.3216,0.317,0.3143,0.4427,0.4421,0.4402,0.0746,0.0728,0.0736,0.1495,0.149,0.1491,0.1197,0.119,0.1198,0.1436,0.1425,0.1439,0.4673,0.4634,0.4677,0.068,0.068,0.0673,0.1844,0.1839,0.1845,0.1496,0.1491,0.1496,0.1853,0.1844,0.1837,0.6396,0.636,0.6358,0.4714,0.4677,0.4693,0.4651,0.4634,0.462,0.3933,0.3841,0.3897,0.4349,0.4303,0.4343,0.4735,0.4722,0.47,0.1872,0.1851,0.1851,0.5187,0.5113,0.5164,0.9442,0.9051,0.9535,0.236,0.2339,0.234,0.9087,0.9007,0.906,0.9658,0.938,0.9682,0.9653,0.9507,0.9672,0.9324,0.9204,0.9336,0.9182,0.851,0.926,0.9223,0.859,0.9283,0.4589,0.4557,0.4545,0.5969,0.5936,0.5962,0.6835,0.6788,0.6802,0.9372,0.8842,0.9493,0.9609,0.9207,0.9753,0.7982,0.7845,0.7923,0.8744,0.8633,0.8724,0.8213,0.813,0.8175,0.3132,0.3086,0.3097,0.8385,0.8319,0.8374,0.2438,0.2427,0.2425,0.5423,0.5385,0.5386,0.318,0.3165,0.3172,0.3465,0.3416,0.3444,0.8785,0.8541,0.8778,0.2041,0.1991,0.2024,0.9257,0.8757,0.9317,0.4883,0.4858,0.489,0.4558,0.4514,0.455,0.8983,0.8903,0.8927,0.5037,0.4999,0.5024,0.9678,0.9309,0.982,0.9427,0.8859,0.9623,0.9743,0.9433,0.9831,0.7091,0.7057,0.7053,0.9726,0.9542,0.9812,0.7232,0.7169,0.7209,0.7644,0.739,0.7759,0.9004,0.8913,0.8986,0.7592,0.7442,0.7548,0.4358,0.4363,0.4385,0.509,0.5099,0.5103,0.1022,0.1028,0.1026,0.4454,0.4437,0.4407,0.2362,0.2343,0.234,0.1012,0.1,0.1016,0.5753,0.5744,0.5732,0.1839,0.1825,0.1844,0.4206,0.4161,0.4173,0.3142,0.3122,0.3135
610,0.0704,0.0693,0.062,0.0511,0.05,0.0507,0.0558,0.0561,0.0557,0.3208,0.3164,0.3139,0.4284,0.4275,0.4252,0.0728,0.0709,0.0714,0.1741,0.174,0.1739,0.1118,0.111,0.112,0.1709,0.1695,0.1711,0.5096,0.5061,0.5107,0.066,0.0661,0.0652,0.1768,0.1762,0.1768,0.1388,0.1386,0.1389,0.1763,0.1757,0.1748,0.6278,0.6241,0.6234,0.4547,0.451,0.4525,0.4487,0.4474,0.4459,0.3784,0.3699,0.3748,0.4329,0.4283,0.4324,0.4561,0.4548,0.4526,0.1788,0.1769,0.1766,0.5097,0.502,0.507,0.9538,0.9138,0.9666,0.2399,0.2381,0.2377,0.9288,0.9192,0.9274,0.9701,0.9426,0.9743,0.9715,0.9566,0.9743,0.9461,0.9326,0.9484,0.9225,0.8561,0.9322,0.9266,0.8643,0.9343,0.4651,0.4615,0.4605,0.6045,0.6011,0.6037,0.7012,0.6969,0.6982,0.9468,0.8924,0.9631,0.9685,0.9284,0.9866,0.8108,0.7962,0.8048,0.9132,0.8985,0.9122,0.8927,0.88,0.8898,0.4361,0.4307,0.432,0.868,0.8605,0.8678,0.3501,0.3478,0.347,0.6532,0.6485,0.6492,0.4429,0.4404,0.4418,0.4164,0.4115,0.4148,0.8962,0.8696,0.8969,0.3809,0.374,0.3789,0.9523,0.8963,0.9692,0.4795,0.477,0.4801,0.4622,0.458,0.4615,0.9115,0.9027,0.9063,0.4839,0.4802,0.4828,0.9733,0.9366,0.9901,0.9479,0.8909,0.9701,0.981,0.9498,0.9921,0.7095,0.7062,0.706,0.9794,0.9609,0.9893,0.7248,0.7186,0.7225,0.7689,0.7429,0.7803,0.9138,0.9034,0.9122,0.7523,0.7386,0.7481,0.4166,0.4174,0.4196,0.4776,0.4792,0.479,0.0964,0.0969,0.0968,0.4285,0.4272,0.4242,0.2203,0.2188,0.2184,0.0962,0.0953,0.0968,0.5393,0.5392,0.5383,0.1675,0.1666,0.1683,0.3838,0.3797,0.3807,0.3111,0.3091,0.3102
620,0.0716,0.0704,0.0626,0.0511,0.0498,0.0505,0.0553,0.0556,0.0554,0.3239,0.3191,0.3171,0.4291,0.4286,0.4259,0.0731,0.0713,0.0719,0.2069,0.207,0.2068,0.1113,0.1104,0.1112,0.2068,0.2052,0.2071,0.5754,0.5717,0.5766,0.0667,0.0669,0.066,0.1784,0.1781,0.1783,0.1374,0.1371,0.1374,0.1764,0.1758,0.1749,0.6312,0.6274,0.6266,0.4535,0.4495,0.4512,0.4443,0.4438,0.4421,0.3788,0.3704,0.3751,0.446,0.441,0.4452,0.4551,0.4536,0.4514,0.1795,0.1775,0.1773,0.5149,0.5073,0.5126,0.9617,0.9218,0.9779,0.2456,0.2438,0.2433,0.9439,0.9338,0.9444,0.9736,0.9458,0.98,0.9764,0.9613,0.9802,0.9547,0.9406,0.9583,0.9272,0.8614,0.9393,0.9317,0.8696,0.9413,0.4678,0.4639,0.4628,0.6111,0.6076,0.6102,0.7195,0.7151,0.7163,0.9546,0.8996,0.9748,0.9756,0.9355,0.9972,0.8216,0.8061,0.8158,0.9341,0.9175,0.9346,0.9353,0.9183,0.9354,0.567,0.5611,0.5624,0.8889,0.8804,0.8894,0.4719,0.4685,0.4672,0.7366,0.7306,0.7321,0.5735,0.57,0.5722,0.4717,0.4671,0.4704,0.9068,0.8796,0.9087,0.5793,0.572,0.5776,0.9667,0.9086,0.9931,0.4714,0.4692,0.4719,0.4729,0.4684,0.4722,0.9276,0.918,0.923,0.4697,0.4661,0.4687,0.9795,0.9428,0.9987,0.9532,0.897,0.9779,0.9871,0.9568,1.0007,0.7164,0.7134,0.7128,0.9867,0.9683,0.9978,0.7316,0.7249,0.7292,0.7763,0.7503,0.7882,0.9297,0.9183,0.929,0.7489,0.7359,0.7449,0.4146,0.4154,0.4174,0.4663,0.4678,0.4674,0.0951,0.0956,0.0957,0.4286,0.4275,0.4245,0.2176,0.2159,0.2156,0.0961,0.095,0.0965,0.5258,0.5257,0.5252,0.1621,0.1614,0.163,0.369,0.3653,0.3662,0.3085,0.3067,0.3075
630,0.0733,0.0719,0.0642,0.0514,0.05,0.0508,0.0558,0.0559,0.0559,0.3248,0.3199,0.3184,0.442,0.4413,0.4385,0.0753,0.0734,0.0741,0.2457,0.2458,0.2454,0.1172,0.1163,0.1167,0.2483,0.2462,0.2485,0.6596,0.6553,0.6602,0.0705,0.0704,0.0696,0.1882,0.1877,0.188,0.1437,0.1432,0.144,0.1845,0.1837,0.1828,0.6438,0.64,0.6384,0.4639,0.4602,0.4619,0.4511,0.4509,0.4491,0.3909,0.3825,0.387,0.4752,0.4704,0.4745,0.466,0.4647,0.4622,0.1883,0.1863,0.186,0.53,0.5226,0.5273,0.9674,0.9278,0.9864,0.2539,0.2521,0.2513,0.9535,0.943,0.9554,0.974,0.9471,0.982,0.9773,0.9627,0.982,0.9591,0.9443,0.9633,0.9308,0.8654,0.9452,0.9357,0.8738,0.9478,0.4684,0.4645,0.4636,0.6169,0.6137,0.6161,0.7436,0.7388,0.7401,0.9588,0.904,0.982,0.9804,0.9408,1.0051,0.8305,0.8143,0.8253,0.9438,0.9267,0.9457,0.9566,0.9366,0.9609,0.6825,0.6761,0.6779,0.9023,0.8928,0.9033,0.588,0.5839,0.583,0.7929,0.7852,0.7884,0.6891,0.6843,0.6874,0.5127,0.5084,0.5121,0.9108,0.8837,0.9137,0.7331,0.7266,0.7317,0.9742,0.9151,1.0071,0.4643,0.4622,0.465,0.4867,0.482,0.4859,0.943,0.9328,0.9404,0.4666,0.4631,0.4656,0.9852,0.9487,1.0073,0.9583,0.9024,0.9857,0.9936,0.9632,1.0088,0.7274,0.724,0.7235,0.9934,0.9749,1.0064,0.7407,0.734,0.738,0.7863,0.7599,0.7984,0.9472,0.9343,0.9477,0.7507,0.7379,0.747,0.4253,0.4263,0.4282,0.4693,0.4709,0.4704,0.0971,0.0977,0.0975,0.4414,0.4404,0.4373,0.2251,0.2233,0.223,0.0991,0.0979,0.0996,0.5305,0.5303,0.5298,0.1659,0.1653,0.1668,0.3715,0.3677,0.3687,0.3095,0.3078,0.3088
640,0.0757,0.0743,0.066,0.0521,0.0507,0.0515,0.0569,0.0572,0.0569,0.3235,0.319,0.3176,0.4597,0.4579,0.4556,0.0776,0.0758,0.0764,0.2911,0.2909,0.2905,0.1246,0.1239,0.1245,0.2951,0.2927,0.2952,0.7536,0.7487,0.7536,0.0752,0.0752,0.0744,0.2011,0.2006,0.2009,0.1525,0.1517,0.1527,0.196,0.195,0.194,0.6611,0.6572,0.6555,0.4801,0.4765,0.4778,0.4639,0.4639,0.462,0.4073,0.3992,0.4034,0.5126,0.508,0.5119,0.4823,0.4812,0.4784,0.2005,0.1982,0.198,0.5496,0.5415,0.5463,0.9744,0.9347,0.9963,0.2658,0.2643,0.2635,0.964,0.9531,0.9672,0.9761,0.95,0.9856,0.9799,0.9651,0.9857,0.9638,0.9487,0.9689,0.937,0.8713,0.9534,0.9416,0.8802,0.9566,0.4703,0.4666,0.4657,0.6279,0.6247,0.6272,0.7797,0.7746,0.7759,0.9647,0.9099,0.9905,0.9871,0.9477,1.0146,0.8412,0.8243,0.8366,0.9525,0.9352,0.9555,0.972,0.9502,0.9795,0.7766,0.7697,0.7723,0.916,0.9055,0.9179,0.6904,0.6858,0.6851,0.8358,0.8264,0.8322,0.7852,0.7788,0.7833,0.5472,0.5434,0.5474,0.9154,0.8885,0.9189,0.834,0.8279,0.8327,0.9814,0.922,1.019,0.4586,0.4564,0.4595,0.5037,0.4994,0.5032,0.9576,0.9465,0.9569,0.4733,0.47,0.4721,0.9918,0.9555,1.0165,0.9646,0.9084,0.9944,1.0015,0.9707,1.0187,0.7417,0.7384,0.7381,1.001,0.9827,1.0159,0.7529,0.7464,0.7501,0.7986,0.7718,0.8106,0.9662,0.9514,0.9693,0.7584,0.7452,0.7549,0.4421,0.4429,0.4449,0.479,0.4806,0.4803,0.1005,0.1012,0.101,0.4598,0.4588,0.4553,0.2373,0.2354,0.2349,0.1034,0.1022,0.1039,0.544,0.5436,0.5429,0.1745,0.1737,0.1753,0.3821,0.3783,0.3792,0.3155,0.3136,0.3147
650,0.0782,0.0767,0.0678,0.0532,0.0519,0.0527,0.0585,0.059,0.0584,0.327,0.3227,0.3212,0.47,0.4683,0.4662,0.0792,0.0773,0.0781,0.3407,0.3402,0.3398,0.129,0.1284,0.1288,0.3455,0.3427,0.3456,0.8421,0.8364,0.8415,0.0785,0.0785,0.0776,0.2101,0.2097,0.2099,0.157,0.1564,0.1574,0.2033,0.2023,0.2013,0.6681,0.6638,0.6614,0.4906,0.4873,0.4883,0.4729,0.4732,0.4711,0.4173,0.4092,0.4132,0.5466,0.5421,0.5457,0.4905,0.4895,0.4866,0.2091,0.2066,0.2062,0.5577,0.5493,0.5543,0.982,0.9424,1.0065,0.281,0.2795,0.2786,0.9747,0.9639,0.9789,0.9793,0.9532,0.99,0.9834,0.9686,0.9901,0.9686,0.9536,0.9742,0.9435,0.8777,0.9621,0.9481,0.8865,0.9655,0.476,0.4725,0.4717,0.645,0.6415,0.6441,0.8228,0.8173,0.8193,0.9719,0.9164,0.9999,0.9943,0.955,1.0251,0.8535,0.8357,0.8487,0.9609,0.9436,0.965,0.984,0.9615,0.9942,0.8457,0.8374,0.8422,0.9272,0.9164,0.9298,0.771,0.7658,0.7657,0.8701,0.8585,0.8666,0.8579,0.8483,0.8563,0.5734,0.5697,0.5736,0.9205,0.8937,0.9244,0.8959,0.8895,0.8948,0.9887,0.9297,1.0303,0.4548,0.4527,0.4553,0.5239,0.5193,0.5235,0.9703,0.9583,0.9703,0.4824,0.4792,0.4813,0.9984,0.9626,1.0259,0.9708,0.915,1.0031,1.0093,0.9787,1.0289,0.7598,0.7565,0.756,1.0093,0.9909,1.0257,0.7673,0.7609,0.7649,0.81,0.7828,0.8221,0.9842,0.9675,0.9905,0.768,0.7544,0.7645,0.4526,0.453,0.4547,0.4825,0.4841,0.4837,0.1039,0.1045,0.1044,0.471,0.4699,0.4666,0.2449,0.2426,0.2422,0.1074,0.1063,0.1079,0.5491,0.5487,0.5484,0.1801,0.1793,0.1805,0.3853,0.3818,0.3827,0.3238,0.322,0.3228
660,0.0806,0.0787,0.0697,0.054,0.053,0.0537,0.0601,0.0606,0.0602,0.3397,0.3355,0.3343,0.4645,0.4629,0.4601,0.0797,0.0776,0.0786,0.3907,0.3898,0.389,0.1253,0.1247,0.125,0.3965,0.3929,0.3965,0.9108,0.903,0.9096,0.0774,0.0772,0.0766,0.2088,0.2079,0.2084,0.1513,0.1507,0.1523,0.199,0.198,0.1971,0.6458,0.6411,0.6381,0.4828,0.4798,0.4807,0.4684,0.4692,0.4669,0.4108,0.4032,0.4068,0.5668,0.5624,0.5659,0.4788,0.4783,0.475,0.2064,0.2041,0.2034,0.5413,0.5335,0.538,0.9907,0.9513,1.0176,0.2984,0.2965,0.2956,0.986,0.9747,0.991,0.9844,0.9585,0.9958,0.9888,0.974,0.996,0.975,0.9596,0.9811,0.9495,0.8841,0.9688,0.9542,0.8927,0.9723,0.4893,0.4857,0.4849,0.6653,0.662,0.6641,0.8659,0.8599,0.8623,0.9802,0.9246,1.0105,1.003,0.9637,1.0364,0.8664,0.8479,0.8621,0.9699,0.9521,0.9746,0.9947,0.9719,1.0068,0.8931,0.8825,0.89,0.9317,0.9217,0.9343,0.8299,0.8236,0.8248,0.8976,0.8838,0.8946,0.9081,0.895,0.9079,0.5842,0.5804,0.5845,0.9262,0.9001,0.9308,0.9349,0.928,0.9349,0.9967,0.9379,1.0417,0.4533,0.4516,0.4541,0.5456,0.5409,0.5453,0.9811,0.9688,0.9821,0.4869,0.4837,0.4861,1.0062,0.9701,1.0354,0.9781,0.922,1.0127,1.0176,0.9871,1.0391,0.7818,0.7785,0.778,1.018,0.9996,1.0355,0.7833,0.7772,0.7813,0.8191,0.7918,0.8318,1.001,0.9825,1.0104,0.7764,0.7628,0.7735,0.4443,0.4446,0.4463,0.4602,0.4619,0.4613,0.1054,0.106,0.1059,0.4633,0.4628,0.4597,0.2382,0.2357,0.2359,0.11,0.1087,0.1105,0.5251,0.5255,0.5253,0.1746,0.1738,0.1747,0.3635,0.3607,0.3616,0.3318,0.3299,0.3308
670,0.0829,0.0808,0.0714,0.0557,0.0546,0.0551,0.0628,0.0631,0.0628,0.3746,0.3706,0.3695,0.4572,0.4556,0.4527,0.0825,0.0804,0.0813,0.4464,0.4453,0.4438,0.1221,0.1212,0.1218,0.454,0.4501,0.4534,0.9588,0.9483,0.9588,0.0758,0.0755,0.0748,0.2059,0.2051,0.2057,0.1464,0.1459,0.1475,0.1946,0.1934,0.1924,0.6244,0.6196,0.6158,0.473,0.4704,0.4709,0.4638,0.4646,0.4621,0.4026,0.3955,0.3987,0.5658,0.5608,0.5647,0.4666,0.4667,0.4626,0.2028,0.2008,0.1999,0.5275,0.5198,0.5238,1.0007,0.9609,1.0294,0.3239,0.3218,0.3205,0.9973,0.9857,1.0037,0.9903,0.9642,1.0025,0.9951,0.9805,1.003,0.9816,0.9666,0.9887,0.9541,0.89,0.973,0.959,0.8988,0.9758,0.5187,0.5151,0.5143,0.6868,0.6836,0.6856,0.9079,0.9011,0.9042,0.9891,0.9334,1.0219,1.0124,0.9729,1.0481,0.8809,0.861,0.8774,0.9789,0.961,0.9841,1.0047,0.9817,1.0183,0.9272,0.9142,0.9248,0.9313,0.9224,0.9333,0.8742,0.8666,0.8691,0.9204,0.9051,0.9183,0.9426,0.9267,0.9444,0.5833,0.5794,0.5838,0.9335,0.9077,0.9381,0.9629,0.9552,0.9641,1.0048,0.9459,1.0529,0.4563,0.4541,0.4571,0.5734,0.5683,0.573,0.9917,0.9793,0.994,0.4876,0.4843,0.4865,1.0148,0.979,1.0461,0.9877,0.9306,1.0238,1.0278,0.997,1.051,0.8118,0.8078,0.808,1.0276,1.0093,1.0464,0.8048,0.7982,0.802,0.8272,0.7994,0.8399,1.0172,0.9972,1.0298,0.7859,0.7721,0.7832,0.4307,0.4315,0.4333,0.4183,0.4204,0.4194,0.1071,0.108,0.1078,0.4524,0.4524,0.4492,0.2287,0.2264,0.2265,0.115,0.1134,0.1156,0.4801,0.4812,0.481,0.1643,0.1637,0.1645,0.3277,0.325,0.326,0.3398,0.3376,0.3388
680,0.0846,0.0826,0.0729,0.0579,0.057,0.0576,0.067,0.0673,0.0668,0.437,0.4328,0.4329,0.4743,0.4724,0.4697,0.0923,0.0903,0.0909,0.5052,0.5039,0.5021,0.1319,0.1307,0.1314,0.5148,0.5112,0.514,0.9891,0.9767,0.9919,0.0806,0.08,0.0794,0.2188,0.2184,0.2185,0.1582,0.1575,0.1591,0.2081,0.2068,0.2057,0.654,0.6491,0.6451,0.4957,0.4928,0.4933,0.4809,0.4819,0.4795,0.4189,0.4113,0.4142,0.5506,0.5459,0.5498,0.4849,0.4848,0.481,0.2162,0.2139,0.2132,0.5552,0.5471,0.5515,1.0104,0.9698,1.0413,0.3621,0.3594,0.3582,1.008,0.9961,1.0156,0.9958,0.9701,1.0092,1.0009,0.9869,1.0097,0.9885,0.9732,0.996,0.9608,0.8961,0.9798,0.9653,0.9053,0.9823,0.5655,0.5624,0.5614,0.7069,0.7038,0.7057,0.9449,0.9361,0.9428,0.9974,0.9414,1.0322,1.0213,0.9817,1.0593,0.8969,0.8751,0.8939,0.988,0.97,0.9936,1.0142,0.991,1.0292,0.9525,0.9372,0.952,0.9377,0.9289,0.9401,0.9072,0.8981,0.9028,0.9402,0.924,0.9395,0.9665,0.949,0.9712,0.5913,0.5875,0.5919,0.9415,0.9153,0.9469,0.9852,0.9765,0.9876,1.0135,0.9545,1.0641,0.463,0.4605,0.4639,0.6076,0.6021,0.6072,1.0018,0.9894,1.0047,0.4916,0.4884,0.4904,1.0241,0.9882,1.0573,0.9966,0.939,1.035,1.038,1.0068,1.0628,0.8476,0.8424,0.8436,1.0373,1.019,1.0574,0.8318,0.8247,0.8286,0.8338,0.8055,0.8467,1.0311,1.0105,1.0469,0.7984,0.784,0.7961,0.4436,0.4443,0.4458,0.4022,0.405,0.4036,0.1159,0.1168,0.1164,0.4676,0.4671,0.4635,0.2391,0.2363,0.2364,0.1292,0.1274,0.1297,0.4621,0.4631,0.4631,0.1669,0.1663,0.1671,0.3195,0.3166,0.3176,0.3495,0.347,0.3483
690,0.0858,0.084,0.0741,0.0614,0.0606,0.0611,0.0725,0.0729,0.0722,0.5144,0.51,0.5111,0.5204,0.5183,0.5158,0.1106,0.1084,0.1088,0.5578,0.5563,0.5544,0.1566,0.1554,0.1557,0.5688,0.5655,0.568,1.0082,0.9949,1.0138,0.0938,0.0932,0.0926,0.2523,0.2515,0.2514,0.1887,0.1878,0.1895,0.2439,0.2426,0.2413,0.73,0.7243,0.7219,0.5566,0.5529,0.5537,0.5212,0.5228,0.5202,0.4635,0.4554,0.4587,0.544,0.5394,0.5435,0.5384,0.5372,0.5343,0.2508,0.2481,0.2471,0.6227,0.6143,0.6188,1.0192,0.9789,1.0524,0.4081,0.405,0.4033,1.0186,1.0064,1.0271,1.0028,0.977,1.0171,1.0082,0.9937,1.0174,0.9963,0.9803,1.0037,0.9718,0.9058,0.9949,0.9764,0.9153,0.998,0.619,0.6164,0.6155,0.7243,0.7211,0.7233,0.9729,0.9622,0.973,1.0055,0.9492,1.0428,1.0297,0.9901,1.0697,0.9126,0.8895,0.9103,0.9971,0.9792,1.0033,1.0238,1.0004,1.0404,0.9718,0.9551,0.9731,0.9586,0.9481,0.9619,0.9315,0.9217,0.928,0.9583,0.9409,0.9592,0.9842,0.965,0.991,0.6237,0.6197,0.624,0.9504,0.9243,0.9567,1.0029,0.9935,1.0066,1.022,0.9625,1.0747,0.4717,0.4695,0.4724,0.6435,0.6377,0.6432,1.0109,0.9983,1.0145,0.5056,0.5024,0.5042,1.0325,0.9962,1.0674,1.0041,0.9468,1.0449,1.0464,1.0153,1.0728,0.8816,0.8756,0.8773,1.047,1.0283,1.068,0.8595,0.8518,0.857,0.8406,0.8127,0.8539,1.0424,1.0215,1.0615,0.8154,0.7995,0.8129,0.4915,0.4916,0.4933,0.4433,0.4459,0.4448,0.1362,0.1368,0.1366,0.5161,0.5148,0.5108,0.2758,0.2725,0.2729,0.1555,0.1535,0.1556,0.5053,0.506,0.5057,0.191,0.1907,0.1912,0.363,0.3598,0.361,0.3621,0.3599,0.3609
700,0.0871,0.0852,0.0751,0.0663,0.0657,0.0656,0.0804,0.081,0.0801,0.6088,0.6043,0.6052,0.5831,0.5807,0.5785,0.1397,0.137,0.1368,0.6125,0.61,0.6083,0.1935,0.1922,0.1921,0.6245,0.6209,0.6232,1.0266,1.0121,1.0347,0.1155,0.1151,0.1143,0.3019,0.3005,0.3002,0.2327,0.2314,0.2329,0.2965,0.2952,0.2938,0.812,0.805,0.8049,0.6375,0.6336,0.6347,0.5728,0.5747,0.5722,0.5258,0.5175,0.5216,0.5535,0.5491,0.5529,0.6105,0.6085,0.6071,0.3017,0.2986,0.2976,0.7003,0.6912,0.6961,1.0298,0.989,1.0652,0.4641,0.4604,0.4579,1.0306,1.0185,1.0404,1.0117,0.9854,1.0273,1.0177,1.0029,1.0274,1.0053,0.9891,1.0133,0.9867,0.9186,1.0163,0.9928,0.9284,1.0206,0.6799,0.677,0.676,0.7424,0.7392,0.7415,0.9998,0.9877,1.0021,1.0154,0.9587,1.0553,1.0391,0.9996,1.0816,0.9292,0.9049,0.9279,1.0075,0.9894,1.0147,1.0349,1.0113,1.0528,0.9922,0.9738,0.995,0.9883,0.9756,0.9946,0.9568,0.9456,0.954,0.9777,0.9585,0.9796,1.0027,0.9817,1.0113,0.6789,0.6749,0.6788,0.9612,0.9344,0.9677,1.021,1.0111,1.0264,1.0308,0.9717,1.0864,0.4825,0.4805,0.4831,0.6855,0.6792,0.6847,1.021,1.0078,1.0252,0.5353,0.532,0.5336,1.0414,1.0047,1.0782,1.0125,0.9553,1.0557,1.0555,1.0247,1.0835,0.9163,0.9093,0.9123,1.057,1.0378,1.0795,0.8879,0.8799,0.8857,0.8502,0.822,0.8642,1.0539,1.0322,1.0759,0.8404,0.822,0.8379,0.5607,0.5603,0.5623,0.5306,0.5318,0.5317,0.1717,0.1721,0.1717,0.586,0.5829,0.5796,0.3337,0.3302,0.3305,0.1966,0.1941,0.1961,0.5995,0.5992,0.5985,0.237,0.2362,0.237,0.451,0.4468,0.4479,0.382,0.3795,0.3807
