wavelength,papersci_0001,papersci_0002,papersci_0003,papersci_0004,papersci_0005,papersci_0006,papersci_0007,papersci_0008,papersci_0009,papersci_0010,papersci_0011,papersci_0012,papersci_0013,papersci_0014,papersci_0015,papersci_0016,papersci_0017,papersci_0018,papersci_0019,papersci_0020,papersci_0021,papersci_0022,papersci_0023,papersci_0024,papersci_0025,papersci_0026,papersci_0027,papersci_0028,papersci_0029,papersci_0030,papersci_0031,papersci_0032,papersci_0033,papersci_0034,papersci_0035,papersci_0036,papersci_0037,papersci_0038,papersci_0039,papersci_0040,papersci_0041,papersci_0042,papersci_0043,papersci_0044,papersci_0045,papersci_0046,papersci_0047,papersci_0048,papersci_0049,papersci_0050,papersci_0051,papersci_0052,papersci_0053,papersci_0054,papersci_0055,papersci_0056,papersci_0057,papersci_0058,papersci_0059,papersci_0060,papersci_0061,papersci_0062,papersci_0063,papersci_0064,papersci_0065,papersci_0066,papersci_0067,papersci_0068,papersci_0069,papersci_0070,papersci_0071,papersci_0072,papersci_0073,papersci_0074,papersci_0075,papersci_0076,papersci_0077,papersci_0078,papersci_0079,papersci_0080,papersci_0081,papersci_0082,papersci_0083,papersci_0084,papersci_0085,papersci_0086,papersci_0087,papersci_0088,papersci_0089,papersci_0090,papersci_0091,papersci_0092,papersci_0093,papersci_0094,papersci_0095,papersci_0096,papersci_0097,papersci_0098,papersci_0099,papersci_0100,papersci_0101,papersci_0102,papersci_0103,papersci_0104,papersci_0105,papersci_0106,papersci_0107,papersci_0108,papersci_0109,papersci_0110,papersci_0111,papersci_0112,papersci_0113,papersci_0114,papersci_0115,papersci_0116,papersci_0117,papersci_0118,papersci_0119,papersci_0120,papersci_0121,papersci_0122,papersci_0123,papersci_0124,papersci_0125,papersci_0126,papersci_0127,papersci_0128,papersci_0129,papersci_0130,papersci_0131,papersci_0132,papersci_0133,papersci_0134,papersci_0135,papersci_0136,papersci_0137,papersci_0138,papersci_0139,papersci_0140,papersci_0141,papersci_0142,papersci_0143,papersci_0144,papersci_0145,papersci_0146,papersci_0147,papersci_0148,papersci_0149,papersci_0150,papersci_0151,papersci_0152,papersci_0153,papersci_0154,papersci_0155,papersci_0156,papersci_0157,papersci_0158,papersci_0159,papersci_0160,papersci_0161,papersci_0162,papersci_0163,papersci_0164,papersci_0165,papersci_0166,papersci_0167,papersci_0168,papersci_0169,papersci_0170,papersci_0171,papersci_0172,papersci_0173,papersci_0174,papersci_0175,papersci_0176,papersci_0177,papersci_0178,papersci_0179,papersci_0180,papersci_0181,papersci_0182,papersci_0183,papersci_0184,papersci_0185,papersci_0186,papersci_0187,papersci_0188,papersci_0189,papersci_0190,papersci_0191,papersci_0192,papersci_0193,papersci_0194,papersci_0195,papersci_0196,papersci_0197,papersci_0198,papersci_0199,papersci_0200,papersci_0201,papersci_0202,papersci_0203,papersci_0204,papersci_0205,papersci_0206,papersci_0207,papersci_0208,papersci_0209,papersci_0210,papersci_0211,papersci_0212,papersci_0213,papersci_0214,papersci_0215,papersci_0216
400,0.7066,0.658,0.6754,0.7105,0.6605,0.6861,0.6468,0.6146,0.6301,0.6464,0.6091,0.6243,0.6917,0.6466,0.6728,0.5931,0.562,0.5742,0.5931,0.5627,0.5729,0.6104,0.5951,0.5846,0.6546,0.6192,0.6316,0.5975,0.5863,0.5907,0.6044,0.5909,0.5862,0.3032,0.3014,0.2928,0.596,0.58,0.5746,0.579,0.5709,0.5747,0.5825,0.571,0.5769,0.5941,0.577,0.5818,0.5332,0.5248,0.5251,0.4561,0.4497,0.4499,0.6906,0.6466,0.6712,0.4011,0.2666,0.3115,0.1062,0.1053,0.1053,0.5636,0.5528,0.5522,0.4707,0.4681,0.4679,0.1099,0.1127,0.1127,0.4455,0.4361,0.4502,0.1019,0.1011,0.1024,0.0786,0.075,0.0762,0.512,0.4748,0.4984,0.5165,0.5067,0.5101,0.0919,0.0911,0.0919,0.2566,0.2528,0.2639,0.2536,0.2527,0.2513,0.5501,0.5395,0.5443,0.1009,0.1004,0.1002,0.3312,0.3316,0.3337,0.346,0.3467,0.3444,0.1139,0.1104,0.1183,0.3712,0.3718,0.3693,0.2513,0.2514,0.2511,0.2484,0.2509,0.2505,0.1124,0.1104,0.1123,0.3768,0.3749,0.3751,0.2721,0.2695,0.2726,0.2811,0.2807,0.2689,0.4443,0.4369,0.4372,0.2426,0.2425,0.2443,0.3028,0.3,0.3036,0.4632,0.455,0.4487,0.5691,0.5501,0.5539,0.5611,0.5476,0.5468,0.1958,0.196,0.1959,0.2295,0.2237,0.2302,0.545,0.5356,0.538,0.4159,0.4136,0.4105,0.1609,0.1586,0.1592,0.1876,0.1857,0.1858,0.5628,0.5503,0.5559,0.1361,0.1371,0.1366,0.1392,0.1382,0.1395,0.3733,0.3738,0.3698,0.5148,0.5093,0.5121,0.4536,0.4498,0.4497,0.5577,0.545,0.5394,0.6025,0.5887,0.5928,0.7044,0.6584,0.6915,0.2456,0.2473,0.2426,0.4852,0.48,0.4751,0.3088,0.3097,0.3069,0.4665,0.4577,0.4639,0.6085,0.5729,0.597,0.3481,0.3345,0.3433,0.3345,0.3336,0.3378
410,0.7356,0.6754,0.7022,0.7386,0.6781,0.7111,0.6712,0.6325,0.6517,0.6703,0.625,0.645,0.7198,0.666,0.6975,0.6421,0.5969,0.6166,0.6418,0.5967,0.6151,0.6407,0.6202,0.6119,0.661,0.6233,0.638,0.6277,0.6115,0.6185,0.6346,0.6161,0.6145,0.3706,0.3674,0.3587,0.6182,0.5989,0.5957,0.6036,0.593,0.5975,0.6067,0.5927,0.6,0.6169,0.5961,0.603,0.5629,0.5516,0.5528,0.4472,0.4416,0.4406,0.7066,0.657,0.685,0.4035,0.2673,0.3123,0.0985,0.0975,0.0978,0.5719,0.5597,0.5605,0.4791,0.4763,0.4761,0.0988,0.1015,0.102,0.447,0.4376,0.452,0.0937,0.093,0.0943,0.0736,0.0707,0.0717,0.5523,0.5126,0.5352,0.5162,0.5062,0.5107,0.0881,0.0874,0.088,0.2576,0.254,0.2651,0.2548,0.2542,0.2527,0.5486,0.5383,0.5429,0.0984,0.0982,0.0981,0.3246,0.3252,0.3273,0.3886,0.3884,0.3865,0.0999,0.0967,0.1043,0.3635,0.3644,0.3627,0.2699,0.2697,0.2694,0.2671,0.2696,0.2691,0.1031,0.1016,0.1032,0.3641,0.362,0.3622,0.2655,0.2633,0.2664,0.2721,0.272,0.2627,0.4183,0.4123,0.4123,0.2445,0.244,0.2458,0.3483,0.3444,0.3497,0.4323,0.426,0.4203,0.5472,0.532,0.5341,0.5435,0.5314,0.5308,0.1768,0.1772,0.1771,0.2219,0.2163,0.2228,0.5224,0.5145,0.5165,0.3904,0.3887,0.3855,0.1607,0.1585,0.1594,0.1737,0.1723,0.1723,0.558,0.5463,0.5518,0.119,0.1202,0.1196,0.1218,0.121,0.1224,0.3609,0.3618,0.3572,0.5063,0.5015,0.5041,0.4293,0.4264,0.4263,0.5501,0.5384,0.5329,0.6026,0.5885,0.5928,0.7077,0.6606,0.694,0.5274,0.5157,0.5145,0.689,0.6583,0.6727,0.5767,0.5619,0.5653,0.6795,0.6455,0.6655,0.7453,0.6682,0.721,0.5721,0.5487,0.561,0.5982,0.5872,0.5945
420,0.7606,0.6895,0.7253,0.7626,0.6921,0.7328,0.6907,0.6462,0.6696,0.6894,0.6374,0.6615,0.744,0.6821,0.7192,0.6807,0.6221,0.6498,0.6802,0.6217,0.6483,0.6657,0.64,0.6343,0.6656,0.6264,0.6431,0.6486,0.6287,0.6371,0.6557,0.6324,0.6337,0.433,0.4277,0.4199,0.6361,0.6136,0.6131,0.6231,0.6098,0.6159,0.6262,0.6096,0.6177,0.6354,0.6109,0.6201,0.5891,0.5744,0.5772,0.4388,0.4339,0.4318,0.7163,0.6624,0.6922,0.4117,0.2708,0.3171,0.092,0.0909,0.0915,0.5774,0.5648,0.5661,0.4903,0.4868,0.4868,0.0899,0.0931,0.0935,0.44,0.4315,0.4463,0.0869,0.0867,0.0877,0.0703,0.0677,0.0688,0.581,0.5388,0.5605,0.5218,0.5115,0.5169,0.0873,0.0868,0.0872,0.2633,0.2599,0.2707,0.2606,0.2602,0.2586,0.5448,0.5345,0.539,0.0992,0.0992,0.0989,0.3188,0.3197,0.3219,0.4189,0.4179,0.4166,0.0905,0.0879,0.0951,0.3438,0.3454,0.344,0.2897,0.2892,0.2892,0.2865,0.2889,0.2882,0.0956,0.0942,0.0955,0.3528,0.3507,0.3507,0.2616,0.2596,0.2627,0.2665,0.2664,0.2587,0.3913,0.3866,0.3864,0.2391,0.2384,0.2399,0.3847,0.3802,0.3862,0.4009,0.3969,0.3915,0.5228,0.511,0.5118,0.5221,0.5122,0.5111,0.1617,0.1622,0.1624,0.2247,0.2193,0.2256,0.4975,0.4917,0.4928,0.365,0.364,0.3613,0.1666,0.1644,0.1655,0.1607,0.1596,0.1595,0.5512,0.5403,0.5456,0.1044,0.1057,0.105,0.1072,0.1063,0.1079,0.35,0.3511,0.3458,0.4983,0.4935,0.4961,0.4077,0.4053,0.4049,0.5384,0.5283,0.5225,0.5956,0.5822,0.5865,0.7054,0.6589,0.6912,0.8618,0.8069,0.8372,0.8655,0.796,0.8438,0.8799,0.8187,0.8577,0.8656,0.7944,0.8401,0.8469,0.732,0.8143,0.8109,0.7634,0.789,0.8891,0.8432,0.8726
430,0.7781,0.6988,0.742,0.7794,0.7013,0.7491,0.7028,0.6544,0.6805,0.6996,0.6437,0.6705,0.7614,0.6924,0.7351,0.7021,0.6347,0.6689,0.7018,0.6344,0.6673,0.682,0.6522,0.6488,0.6705,0.6294,0.648,0.6576,0.6355,0.645,0.6651,0.639,0.6419,0.4929,0.4832,0.4781,0.6467,0.6221,0.6233,0.6348,0.6194,0.6267,0.6377,0.6193,0.6284,0.6462,0.6191,0.6299,0.6083,0.5907,0.5953,0.4324,0.4273,0.4247,0.7175,0.6626,0.6919,0.4216,0.2746,0.3233,0.0879,0.0867,0.0873,0.5799,0.5668,0.5687,0.4998,0.4956,0.496,0.0861,0.0897,0.0902,0.424,0.4163,0.4322,0.0832,0.0827,0.0837,0.0709,0.0683,0.0695,0.5894,0.5464,0.5676,0.5386,0.5267,0.5327,0.0918,0.0911,0.0916,0.2785,0.2751,0.2856,0.2761,0.2751,0.2738,0.5441,0.5338,0.5381,0.1049,0.1049,0.1045,0.3208,0.3218,0.3241,0.437,0.4356,0.435,0.0878,0.0852,0.0926,0.3293,0.3312,0.3299,0.311,0.3107,0.3104,0.3072,0.3097,0.309,0.0924,0.0909,0.0922,0.3468,0.344,0.3444,0.2633,0.261,0.2643,0.2671,0.2668,0.2606,0.3702,0.3668,0.3664,0.2314,0.2301,0.2315,0.4068,0.402,0.4085,0.377,0.374,0.3689,0.5025,0.4933,0.4933,0.5033,0.4948,0.4935,0.1564,0.1568,0.1572,0.2417,0.236,0.2423,0.4783,0.474,0.4746,0.347,0.3465,0.344,0.1814,0.1789,0.1804,0.1521,0.1508,0.151,0.5487,0.5382,0.5434,0.0969,0.0983,0.0978,0.0996,0.0989,0.1005,0.344,0.3452,0.3394,0.4941,0.4896,0.4921,0.3968,0.3942,0.3942,0.527,0.5183,0.5124,0.5851,0.5732,0.5774,0.7002,0.655,0.6864,1.0329,0.9316,1.0062,0.9283,0.8328,0.9062,1.031,0.9208,1.0086,0.9316,0.8363,0.9039,0.8774,0.7474,0.8446,0.9246,0.8502,0.8963,1.0283,0.9448,1.0077
440,0.7925,0.7058,0.7564,0.7934,0.7087,0.7629,0.7118,0.6601,0.6884,0.7003,0.6431,0.6703,0.7734,0.6992,0.7461,0.7198,0.6447,0.6844,0.7196,0.6443,0.6831,0.6936,0.6606,0.6591,0.6794,0.6355,0.656,0.6611,0.638,0.6481,0.669,0.6416,0.6452,0.5652,0.5462,0.5472,0.653,0.6266,0.6292,0.6425,0.6257,0.6341,0.6453,0.6254,0.6358,0.6527,0.6238,0.6357,0.6285,0.6074,0.6142,0.4231,0.4185,0.415,0.7101,0.6574,0.6841,0.4288,0.2774,0.3279,0.0836,0.0824,0.0832,0.5787,0.5653,0.5679,0.505,0.5003,0.5011,0.0849,0.0885,0.0891,0.3945,0.3883,0.4056,0.0792,0.0784,0.0796,0.0729,0.07,0.0713,0.5864,0.5441,0.5647,0.5709,0.5547,0.5621,0.1016,0.101,0.1015,0.3075,0.3038,0.314,0.305,0.3035,0.3022,0.5535,0.5422,0.5468,0.1159,0.1157,0.1156,0.3328,0.3339,0.3364,0.4581,0.4564,0.4564,0.0889,0.086,0.0939,0.3297,0.3314,0.33,0.3453,0.3449,0.3442,0.3409,0.343,0.3424,0.0918,0.0903,0.0917,0.345,0.3421,0.3428,0.2699,0.2673,0.2711,0.2729,0.2725,0.2674,0.3543,0.3514,0.3512,0.2266,0.225,0.2263,0.4252,0.42,0.4268,0.3582,0.3558,0.3517,0.4869,0.4797,0.479,0.4881,0.4804,0.4794,0.1604,0.1607,0.1614,0.2745,0.2681,0.2749,0.4668,0.4631,0.4641,0.3348,0.3345,0.3322,0.2071,0.2042,0.2058,0.1467,0.1451,0.1454,0.5575,0.5459,0.5518,0.0943,0.0958,0.0953,0.097,0.0962,0.0979,0.3427,0.3439,0.3376,0.4952,0.491,0.4933,0.3994,0.3967,0.397,0.5181,0.5102,0.504,0.5763,0.5654,0.5698,0.6962,0.6516,0.6827,1.0626,0.9457,1.0415,0.9414,0.8371,0.9207,1.0578,0.931,1.0419,0.9455,0.8418,0.9194,0.8878,0.7511,0.8563,0.9545,0.8667,0.9267,1.0516,0.9554,1.0353
450,0.8036,0.7111,0.7681,0.8044,0.7143,0.774,0.7187,0.664,0.6946,0.6875,0.6337,0.658,0.7766,0.7007,0.7489,0.7361,0.6529,0.699,0.7358,0.6526,0.6975,0.6986,0.6639,0.6635,0.6932,0.6448,0.6682,0.6607,0.6375,0.6476,0.6687,0.6409,0.6452,0.6204,0.5909,0.5992,0.6581,0.6302,0.6337,0.6481,0.6301,0.6392,0.6506,0.6297,0.6409,0.6576,0.6274,0.6407,0.6492,0.6237,0.6333,0.4087,0.4047,0.4004,0.694,0.6465,0.6685,0.4288,0.2765,0.3272,0.0778,0.0768,0.0776,0.571,0.5584,0.5612,0.502,0.4976,0.4981,0.0843,0.0877,0.0884,0.354,0.3493,0.3679,0.0733,0.0729,0.0739,0.0747,0.0712,0.0724,0.5676,0.5281,0.5475,0.6165,0.5927,0.6032,0.1174,0.1165,0.1171,0.3499,0.3451,0.3548,0.347,0.3447,0.3432,0.5732,0.5598,0.5657,0.1333,0.1332,0.133,0.3546,0.3556,0.3579,0.4845,0.4825,0.4827,0.0928,0.0898,0.0985,0.3343,0.336,0.3342,0.3928,0.3923,0.3913,0.3887,0.3901,0.3895,0.0925,0.0912,0.0926,0.3476,0.3446,0.3454,0.2815,0.2791,0.2829,0.2845,0.2842,0.2792,0.347,0.3443,0.3441,0.2298,0.2284,0.2296,0.4422,0.4363,0.4433,0.3486,0.3468,0.343,0.4808,0.4741,0.4734,0.4815,0.4738,0.4734,0.1725,0.1729,0.1737,0.3258,0.3181,0.3256,0.4668,0.463,0.4643,0.3315,0.331,0.3289,0.2435,0.2405,0.2418,0.144,0.1427,0.1431,0.5777,0.5634,0.5709,0.0954,0.0967,0.0964,0.0979,0.0974,0.0991,0.3458,0.3469,0.3405,0.5026,0.4985,0.5006,0.4159,0.4129,0.4132,0.5143,0.5067,0.5006,0.5735,0.5627,0.5673,0.6971,0.6516,0.6836,1.0246,0.9099,1.0077,0.9243,0.8195,0.9054,1.0225,0.8984,1.0105,0.9284,0.8241,0.9049,0.882,0.7444,0.8532,0.9401,0.8484,0.9146,1.0176,0.923,1.0051
460,0.8134,0.7161,0.7787,0.8142,0.7196,0.7845,0.7257,0.6684,0.7014,0.6652,0.6176,0.6371,0.7729,0.6981,0.7452,0.7523,0.661,0.7143,0.7519,0.661,0.7127,0.6974,0.6628,0.6625,0.7123,0.658,0.6852,0.6592,0.6358,0.6459,0.667,0.6392,0.6435,0.6521,0.6144,0.6284,0.6659,0.6362,0.6406,0.6554,0.6356,0.6455,0.6575,0.6355,0.6472,0.6652,0.6332,0.6477,0.671,0.6404,0.6531,0.3891,0.3855,0.3805,0.6733,0.6321,0.6484,0.417,0.2695,0.3181,0.0723,0.0712,0.0718,0.5564,0.5455,0.5478,0.4874,0.4838,0.4839,0.0844,0.0879,0.0885,0.3121,0.3084,0.3282,0.0677,0.0675,0.0683,0.0775,0.0732,0.0745,0.5416,0.5056,0.5239,0.6735,0.6369,0.6539,0.1428,0.1417,0.1424,0.41,0.4025,0.412,0.407,0.4018,0.4007,0.6035,0.5868,0.5944,0.1606,0.1605,0.1601,0.3914,0.3916,0.394,0.5206,0.5186,0.5187,0.1028,0.0994,0.1092,0.3619,0.363,0.3607,0.4559,0.4545,0.4535,0.4533,0.4525,0.452,0.0958,0.0945,0.0957,0.3552,0.352,0.3527,0.2984,0.2958,0.2996,0.3009,0.3005,0.296,0.3478,0.3451,0.345,0.2496,0.2483,0.2499,0.4618,0.4551,0.4625,0.3479,0.346,0.3423,0.4834,0.4766,0.4763,0.4827,0.4751,0.4749,0.1946,0.1951,0.1958,0.4042,0.3931,0.4015,0.4774,0.4732,0.4748,0.3363,0.3361,0.3342,0.2956,0.2924,0.2929,0.1445,0.1433,0.1437,0.609,0.59,0.5999,0.1006,0.102,0.1017,0.1032,0.1027,0.1045,0.3535,0.3547,0.3484,0.518,0.5132,0.5156,0.4455,0.4415,0.4423,0.5163,0.5087,0.5026,0.5772,0.5658,0.5707,0.7044,0.6564,0.6905,0.984,0.8735,0.9696,0.9075,0.8032,0.89,0.9844,0.865,0.9748,0.9108,0.8074,0.89,0.8767,0.7391,0.8508,0.9186,0.826,0.8956,0.9818,0.8904,0.972
470,0.8227,0.7211,0.7888,0.8233,0.7247,0.7947,0.7331,0.6733,0.7081,0.6371,0.5968,0.6111,0.7632,0.6923,0.7358,0.7657,0.6679,0.7273,0.7653,0.6677,0.7257,0.6902,0.6577,0.6561,0.7351,0.6731,0.7056,0.6542,0.6314,0.6414,0.6623,0.6355,0.6389,0.6728,0.6294,0.6477,0.6758,0.6438,0.6496,0.6644,0.6426,0.6536,0.6665,0.6426,0.6553,0.6753,0.6409,0.6567,0.6927,0.6567,0.673,0.3656,0.3625,0.3569,0.6499,0.6156,0.6261,0.3943,0.257,0.3013,0.068,0.0668,0.067,0.5369,0.528,0.5294,0.4634,0.4605,0.4606,0.0855,0.089,0.0896,0.2739,0.271,0.2915,0.0634,0.0632,0.0638,0.0822,0.0767,0.0781,0.5155,0.4827,0.5005,0.7373,0.6817,0.7115,0.1868,0.1851,0.1863,0.4906,0.4759,0.487,0.4879,0.4747,0.4761,0.6484,0.6247,0.6366,0.1991,0.1989,0.1984,0.4465,0.4439,0.4474,0.5654,0.5627,0.5633,0.1226,0.1182,0.1297,0.4336,0.4312,0.4289,0.5357,0.5301,0.5307,0.5357,0.5293,0.5301,0.1024,0.1008,0.1021,0.3672,0.364,0.3649,0.3173,0.3141,0.3185,0.3192,0.3185,0.3148,0.352,0.3493,0.3494,0.2877,0.2864,0.2883,0.4839,0.4763,0.484,0.3511,0.3492,0.3458,0.4898,0.4827,0.4828,0.4868,0.4792,0.4792,0.2353,0.2358,0.2364,0.5141,0.4923,0.5043,0.4954,0.4901,0.4926,0.3454,0.3453,0.3435,0.3708,0.3667,0.3659,0.1475,0.1461,0.1465,0.6549,0.627,0.6423,0.1111,0.1126,0.1125,0.1141,0.1133,0.1156,0.3657,0.3668,0.3609,0.5405,0.5343,0.5374,0.4948,0.4879,0.4902,0.5207,0.5126,0.5068,0.5834,0.571,0.5768,0.7147,0.6633,0.7002,0.9621,0.854,0.9498,0.9002,0.7959,0.8843,0.9637,0.8467,0.956,0.9028,0.7992,0.8844,0.8765,0.7378,0.8531,0.9076,0.8143,0.8871,0.9626,0.8724,0.955
480,0.8309,0.7256,0.7982,0.8313,0.7295,0.8039,0.7382,0.6769,0.7134,0.6062,0.5728,0.5821,0.7486,0.6835,0.7223,0.7746,0.6723,0.7362,0.7743,0.6724,0.7346,0.6787,0.649,0.6456,0.758,0.6882,0.7271,0.6452,0.6244,0.6328,0.6533,0.6286,0.6306,0.6707,0.628,0.6459,0.6828,0.6495,0.6564,0.6714,0.6483,0.6605,0.6734,0.6483,0.662,0.6827,0.6464,0.6635,0.7106,0.67,0.6899,0.3409,0.3382,0.3324,0.6268,0.5984,0.6039,0.3674,0.2423,0.282,0.0646,0.0633,0.0633,0.5157,0.5086,0.5095,0.4375,0.4358,0.4353,0.0865,0.0898,0.0904,0.2416,0.2392,0.2596,0.0599,0.0596,0.0603,0.0872,0.0805,0.082,0.4932,0.4621,0.4801,0.7953,0.7188,0.7672,0.2612,0.2587,0.2601,0.5798,0.551,0.5678,0.5777,0.5499,0.5578,0.7058,0.6694,0.6905,0.2466,0.246,0.2453,0.5135,0.5051,0.5108,0.611,0.6071,0.608,0.1533,0.1478,0.1612,0.5252,0.5156,0.5155,0.6243,0.6081,0.6146,0.6276,0.6095,0.615,0.111,0.1093,0.1109,0.3836,0.38,0.3813,0.3391,0.3353,0.3401,0.341,0.3397,0.3365,0.3615,0.3588,0.359,0.3352,0.3334,0.3358,0.506,0.4974,0.5057,0.3607,0.3588,0.3556,0.5032,0.495,0.496,0.4965,0.4882,0.4891,0.3041,0.3043,0.3045,0.643,0.5959,0.6211,0.5236,0.5159,0.5203,0.361,0.3607,0.359,0.4739,0.4662,0.4647,0.1531,0.1518,0.1524,0.7137,0.671,0.6963,0.1286,0.1302,0.13,0.1319,0.1311,0.1337,0.3827,0.3834,0.3776,0.5705,0.5621,0.5661,0.5674,0.5528,0.5589,0.5287,0.5199,0.5146,0.5951,0.5811,0.5879,0.7313,0.6745,0.7161,0.946,0.8401,0.9366,0.8955,0.7908,0.881,0.9483,0.8333,0.9425,0.8977,0.7936,0.8813,0.8777,0.7377,0.857,0.8997,0.8064,0.881,0.9484,0.8596,0.9427
490,0.8358,0.7286,0.8047,0.8363,0.7329,0.8101,0.7371,0.6764,0.7127,0.5746,0.5468,0.5521,0.7303,0.6721,0.7053,0.7777,0.6736,0.7396,0.7775,0.6736,0.7379,0.6638,0.6379,0.6323,0.7752,0.6995,0.7436,0.6301,0.6119,0.6189,0.6383,0.6166,0.6167,0.645,0.6095,0.6218,0.6795,0.6471,0.6535,0.6703,0.6477,0.6596,0.6721,0.6476,0.6613,0.679,0.6441,0.6609,0.718,0.6756,0.6969,0.3172,0.3148,0.3087,0.6042,0.5809,0.5824,0.3414,0.2279,0.2632,0.0616,0.0604,0.06,0.4944,0.489,0.4891,0.4136,0.4123,0.4115,0.0865,0.0898,0.0905,0.2149,0.2128,0.2329,0.0569,0.0567,0.0573,0.0905,0.0829,0.0843,0.4765,0.4449,0.4646,0.8343,0.7422,0.8083,0.3648,0.3596,0.3618,0.6515,0.6064,0.6317,0.6502,0.6053,0.6233,0.7586,0.7076,0.7408,0.3037,0.3024,0.3017,0.5769,0.5595,0.5697,0.6463,0.6411,0.6423,0.1975,0.1912,0.2058,0.6014,0.5818,0.5873,0.6999,0.6685,0.6851,0.7053,0.6715,0.6859,0.1205,0.1189,0.1203,0.4023,0.3983,0.3997,0.3667,0.3618,0.367,0.3695,0.367,0.3632,0.3801,0.3767,0.3774,0.3749,0.3718,0.3749,0.5246,0.5148,0.5237,0.3824,0.3804,0.3771,0.5284,0.5175,0.5205,0.5151,0.5056,0.5077,0.395,0.3937,0.3936,0.7542,0.6736,0.7223,0.5662,0.5533,0.5607,0.3869,0.3863,0.3849,0.5924,0.5736,0.5757,0.1618,0.1607,0.1615,0.7668,0.7078,0.746,0.1544,0.156,0.1559,0.158,0.1575,0.1602,0.4016,0.4021,0.3966,0.6049,0.5933,0.5988,0.647,0.6187,0.6324,0.5416,0.5314,0.5269,0.6138,0.5967,0.6052,0.7569,0.6912,0.7406,0.9309,0.8272,0.9237,0.8907,0.7862,0.8779,0.9337,0.8209,0.9293,0.8925,0.7888,0.8783,0.8789,0.738,0.8611,0.8904,0.7977,0.8735,0.9344,0.8474,0.9309
500,0.8381,0.7309,0.8079,0.8386,0.7352,0.8137,0.7285,0.6712,0.7052,0.5424,0.5192,0.5214,0.7087,0.6576,0.6853,0.7759,0.6723,0.7386,0.7756,0.6724,0.7368,0.6458,0.6236,0.616,0.7834,0.7054,0.7521,0.607,0.5926,0.5975,0.6152,0.5974,0.5953,0.6021,0.5769,0.5819,0.6643,0.6354,0.6399,0.6594,0.6387,0.6497,0.6618,0.639,0.6513,0.6632,0.6325,0.6474,0.7131,0.6725,0.6929,0.296,0.294,0.2879,0.5836,0.5646,0.5629,0.3165,0.2137,0.2453,0.0601,0.059,0.058,0.4761,0.472,0.4716,0.3917,0.391,0.39,0.0874,0.0912,0.0919,0.1934,0.1917,0.2115,0.0553,0.0551,0.0558,0.0939,0.0856,0.0868,0.467,0.4339,0.4557,0.8542,0.754,0.8321,0.4925,0.4761,0.4828,0.6914,0.6349,0.6673,0.6904,0.6338,0.6599,0.7958,0.7327,0.7776,0.3899,0.3866,0.3856,0.6328,0.6038,0.6207,0.6696,0.6625,0.6648,0.2812,0.2742,0.2872,0.658,0.627,0.6406,0.7497,0.7046,0.7316,0.755,0.7082,0.7325,0.1338,0.1322,0.1335,0.424,0.4195,0.4208,0.4022,0.395,0.4008,0.4065,0.4015,0.3968,0.4093,0.4043,0.4053,0.4014,0.397,0.4006,0.5396,0.529,0.5382,0.4239,0.4201,0.4169,0.5681,0.5519,0.5581,0.5432,0.5313,0.5346,0.5036,0.4957,0.4976,0.8282,0.7182,0.7954,0.6298,0.6056,0.6195,0.4271,0.426,0.4248,0.7096,0.669,0.6847,0.1753,0.1743,0.1752,0.8041,0.7317,0.7825,0.1978,0.1995,0.1995,0.2019,0.2015,0.2047,0.4234,0.4235,0.4183,0.6439,0.6269,0.6353,0.723,0.6752,0.7024,0.5592,0.5468,0.5435,0.6405,0.6188,0.6297,0.7937,0.7137,0.7766,0.922,0.8202,0.9165,0.8894,0.7849,0.8786,0.9246,0.814,0.9214,0.8905,0.787,0.8786,0.8816,0.7397,0.8673,0.8844,0.7927,0.869,0.9261,0.8402,0.9238
510,0.8385,0.7325,0.8093,0.8393,0.7369,0.8155,0.7157,0.6636,0.6939,0.5149,0.4949,0.4952,0.6872,0.6432,0.6661,0.7704,0.6696,0.7338,0.77,0.6692,0.732,0.6298,0.6107,0.6014,0.7834,0.7066,0.7525,0.5809,0.5703,0.5731,0.5891,0.5758,0.5708,0.548,0.5327,0.5308,0.6444,0.6196,0.6218,0.6444,0.6264,0.6359,0.6469,0.6268,0.6374,0.6426,0.6169,0.6291,0.7014,0.6641,0.6823,0.2846,0.2828,0.277,0.5722,0.5555,0.5522,0.2997,0.2039,0.2337,0.0618,0.0607,0.0596,0.4685,0.4647,0.4641,0.378,0.3776,0.3767,0.0921,0.0963,0.0971,0.1819,0.1802,0.1998,0.0572,0.0568,0.0576,0.1004,0.0915,0.0932,0.4676,0.4317,0.4567,0.8609,0.7587,0.8413,0.6099,0.5726,0.5903,0.6968,0.6391,0.6731,0.6961,0.6381,0.6659,0.8174,0.747,0.8,0.4922,0.4835,0.484,0.669,0.6308,0.6537,0.6838,0.6755,0.6787,0.4114,0.4013,0.4102,0.6873,0.6498,0.669,0.7716,0.7197,0.7526,0.7755,0.7233,0.7532,0.1536,0.1516,0.1532,0.4484,0.4428,0.4447,0.4384,0.4276,0.4348,0.4434,0.435,0.4307,0.4427,0.4355,0.4373,0.4211,0.415,0.4193,0.5525,0.5411,0.5506,0.4797,0.4722,0.4695,0.6146,0.5907,0.6015,0.5739,0.5588,0.5634,0.6135,0.5908,0.5997,0.8671,0.7405,0.8403,0.7068,0.6638,0.6902,0.4751,0.4725,0.4716,0.7947,0.7307,0.767,0.1938,0.1926,0.194,0.8265,0.7464,0.8061,0.2654,0.2667,0.2669,0.2703,0.2694,0.2732,0.448,0.4475,0.4428,0.6823,0.6588,0.6718,0.7872,0.7187,0.7642,0.5786,0.5637,0.5618,0.67,0.6428,0.6569,0.8346,0.7378,0.819,0.9154,0.816,0.9115,0.8907,0.7859,0.8818,0.9183,0.8097,0.9162,0.8909,0.7876,0.881,0.8868,0.7435,0.8755,0.8812,0.791,0.8676,0.9205,0.8362,0.9194
520,0.8366,0.7329,0.8085,0.8375,0.7375,0.8147,0.699,0.6531,0.6785,0.4894,0.4719,0.4708,0.6642,0.627,0.645,0.7586,0.6631,0.7228,0.7584,0.6621,0.721,0.6148,0.5989,0.5883,0.7764,0.7033,0.7464,0.5502,0.5426,0.5441,0.5586,0.5491,0.5417,0.4789,0.4709,0.4643,0.6203,0.5997,0.5999,0.6258,0.6111,0.6188,0.6282,0.6112,0.6203,0.6178,0.5974,0.6073,0.6851,0.6519,0.6673,0.282,0.2801,0.2746,0.568,0.5526,0.5486,0.2935,0.2004,0.2293,0.0632,0.0623,0.0608,0.4695,0.4655,0.4647,0.3744,0.3734,0.3728,0.0959,0.1003,0.1011,0.177,0.1752,0.1942,0.0584,0.0581,0.0588,0.1046,0.0954,0.0972,0.4762,0.4375,0.4648,0.8586,0.7589,0.8394,0.691,0.631,0.664,0.672,0.6229,0.652,0.6714,0.6217,0.6447,0.8284,0.7547,0.8126,0.5595,0.5454,0.5487,0.6668,0.6293,0.6524,0.6927,0.6842,0.6881,0.5576,0.5346,0.5458,0.6777,0.6437,0.6616,0.772,0.7206,0.753,0.7746,0.7241,0.754,0.1723,0.1704,0.1723,0.4742,0.4676,0.4703,0.4781,0.4621,0.4717,0.4823,0.4697,0.4676,0.4748,0.4646,0.4678,0.442,0.434,0.4389,0.5626,0.5503,0.5603,0.5363,0.5234,0.5219,0.6596,0.6263,0.6423,0.6009,0.5823,0.5883,0.7165,0.6684,0.6943,0.8854,0.7518,0.8652,0.7857,0.7159,0.7646,0.5224,0.517,0.5172,0.839,0.7599,0.8149,0.2169,0.2157,0.2174,0.8374,0.7541,0.819,0.3716,0.3708,0.3716,0.3768,0.3748,0.3782,0.4739,0.4724,0.4687,0.7141,0.6846,0.702,0.837,0.7498,0.8176,0.5967,0.5788,0.5785,0.6926,0.6603,0.6775,0.869,0.7567,0.8586,0.9059,0.8091,0.9028,0.8892,0.7854,0.8823,0.9094,0.8036,0.9077,0.8884,0.786,0.8806,0.8895,0.7457,0.882,0.8764,0.787,0.8641,0.9118,0.8299,0.9115
530,0.8336,0.7317,0.8059,0.835,0.7369,0.8123,0.6804,0.6397,0.662,0.4665,0.4506,0.4483,0.6422,0.6103,0.6246,0.7426,0.6536,0.7078,0.7426,0.6526,0.7058,0.6006,0.5868,0.575,0.7656,0.6974,0.7366,0.5187,0.5136,0.5141,0.5269,0.52,0.5112,0.4082,0.4043,0.3952,0.5947,0.5771,0.5758,0.6054,0.5933,0.5995,0.6083,0.5936,0.6008,0.5911,0.575,0.5833,0.6684,0.6386,0.651,0.2814,0.2799,0.2743,0.5669,0.552,0.5476,0.2926,0.1998,0.2282,0.0637,0.0625,0.0608,0.4726,0.4686,0.467,0.3758,0.375,0.374,0.1002,0.1049,0.1056,0.1745,0.1732,0.1918,0.0582,0.0584,0.059,0.1068,0.0977,0.099,0.4924,0.4489,0.4791,0.851,0.7558,0.8298,0.7255,0.6536,0.6959,0.6306,0.5927,0.615,0.6292,0.5921,0.6067,0.8342,0.7586,0.8188,0.5591,0.5455,0.5487,0.6309,0.603,0.6198,0.6992,0.6898,0.6939,0.6426,0.605,0.6241,0.6417,0.6166,0.6288,0.7606,0.7136,0.7424,0.7634,0.7167,0.7432,0.1868,0.1852,0.1873,0.4963,0.4883,0.4909,0.5375,0.5104,0.5249,0.541,0.5175,0.5213,0.4954,0.4824,0.4868,0.4652,0.4545,0.4602,0.5699,0.5568,0.5672,0.5817,0.5625,0.5632,0.6908,0.6493,0.6698,0.6163,0.5954,0.6023,0.793,0.7179,0.7662,0.8959,0.7579,0.8816,0.8422,0.7482,0.8228,0.5542,0.5459,0.5472,0.8591,0.7728,0.8393,0.2403,0.2392,0.2408,0.8415,0.757,0.8246,0.4969,0.4896,0.4919,0.5024,0.493,0.4984,0.4958,0.4934,0.4902,0.7342,0.6997,0.7208,0.8697,0.7685,0.8572,0.607,0.5871,0.5879,0.7019,0.667,0.6855,0.89,0.767,0.886,0.8992,0.805,0.8961,0.8899,0.7858,0.8838,0.9034,0.8,0.9013,0.8878,0.7859,0.8809,0.8926,0.7476,0.8883,0.8739,0.7852,0.8622,0.9057,0.8265,0.9045
540,0.8284,0.7303,0.8012,0.8301,0.7354,0.8074,0.6604,0.6251,0.6439,0.4513,0.4362,0.4337,0.626,0.5977,0.6101,0.7222,0.6415,0.6889,0.7221,0.6404,0.687,0.5902,0.5779,0.5656,0.7514,0.6891,0.7243,0.4917,0.4886,0.4877,0.5,0.4951,0.4853,0.3423,0.3401,0.3308,0.568,0.5535,0.5509,0.5831,0.5734,0.5785,0.5863,0.5738,0.5796,0.5639,0.5516,0.558,0.6511,0.6242,0.6347,0.2886,0.2869,0.2815,0.5757,0.5595,0.5568,0.2973,0.2021,0.2319,0.0684,0.0675,0.0657,0.4833,0.4789,0.4774,0.3828,0.3822,0.3811,0.1201,0.1249,0.1252,0.1803,0.179,0.198,0.0634,0.0633,0.0641,0.1221,0.1106,0.112,0.5219,0.4707,0.5063,0.8346,0.7477,0.8115,0.7229,0.6521,0.6941,0.5764,0.5504,0.5666,0.5742,0.55,0.5575,0.8351,0.7604,0.8207,0.5149,0.5067,0.5073,0.5764,0.5588,0.5692,0.7004,0.6909,0.6949,0.6574,0.6175,0.6367,0.5919,0.5763,0.5824,0.737,0.6976,0.7205,0.7397,0.7008,0.7216,0.2237,0.2219,0.2247,0.5179,0.5081,0.5117,0.6282,0.5766,0.6056,0.6316,0.5843,0.602,0.5086,0.4939,0.4989,0.4933,0.4786,0.486,0.5769,0.5637,0.574,0.6404,0.61,0.6165,0.7109,0.6641,0.6889,0.6248,0.6024,0.6104,0.841,0.7464,0.8167,0.9018,0.7622,0.893,0.8746,0.7668,0.8632,0.5736,0.5637,0.566,0.8702,0.7809,0.8547,0.2663,0.265,0.267,0.8432,0.7589,0.8273,0.6222,0.5992,0.6093,0.6273,0.6002,0.6149,0.5177,0.5139,0.5113,0.748,0.7107,0.7346,0.8898,0.7806,0.8863,0.6119,0.5911,0.5928,0.7051,0.6702,0.689,0.9016,0.7739,0.9047,0.8955,0.8038,0.8929,0.8916,0.7881,0.8879,0.8999,0.7989,0.8982,0.8881,0.787,0.8829,0.8964,0.7509,0.8959,0.874,0.7868,0.8641,0.9026,0.8256,0.9013
550,0.821,0.7282,0.7946,0.8228,0.7328,0.8007,0.6377,0.6083,0.6234,0.4441,0.4294,0.4272,0.615,0.5891,0.6009,0.6961,0.6251,0.6649,0.6959,0.624,0.6627,0.585,0.5732,0.5612,0.7336,0.6784,0.7084,0.468,0.4659,0.4639,0.4759,0.4724,0.4613,0.2763,0.2751,0.2665,0.5384,0.5263,0.523,0.5568,0.5495,0.5542,0.5608,0.5503,0.5552,0.5336,0.5247,0.5299,0.6322,0.608,0.6164,0.3105,0.3088,0.3036,0.605,0.5839,0.5863,0.3109,0.2098,0.2423,0.0816,0.0802,0.0793,0.5136,0.5074,0.5073,0.4017,0.4013,0.4004,0.1757,0.1794,0.1797,0.1992,0.1976,0.2174,0.0772,0.0766,0.0781,0.1693,0.1516,0.1537,0.5737,0.5092,0.5533,0.8082,0.7336,0.7833,0.6952,0.6349,0.6696,0.5095,0.4937,0.5061,0.5068,0.4938,0.4959,0.8341,0.7611,0.82,0.4513,0.4479,0.4463,0.5095,0.501,0.5064,0.6984,0.689,0.6933,0.6323,0.5998,0.6112,0.5297,0.5222,0.5234,0.7,0.6705,0.6856,0.7029,0.6738,0.6871,0.325,0.3212,0.3241,0.5404,0.5284,0.5331,0.727,0.6411,0.6954,0.7299,0.649,0.6929,0.5249,0.5081,0.5142,0.5255,0.5061,0.5158,0.5845,0.5713,0.5817,0.7294,0.675,0.6988,0.7309,0.6788,0.7084,0.6341,0.6104,0.6194,0.8719,0.7652,0.8549,0.9064,0.7669,0.9039,0.894,0.7787,0.8924,0.5906,0.5792,0.582,0.8793,0.7883,0.8687,0.2963,0.2947,0.297,0.8433,0.7602,0.8281,0.7377,0.6888,0.7178,0.7415,0.6857,0.7219,0.5401,0.5345,0.5328,0.7652,0.7241,0.7518,0.9036,0.79,0.9104,0.6159,0.5952,0.597,0.7079,0.6732,0.6926,0.91,0.7797,0.9193,0.8934,0.8036,0.8918,0.8944,0.7909,0.8931,0.8981,0.7999,0.8974,0.89,0.7895,0.8868,0.9003,0.7549,0.9041,0.876,0.7894,0.8681,0.901,0.8258,0.9002
560,0.8114,0.7248,0.7856,0.8138,0.7295,0.7919,0.6127,0.5888,0.6007,0.4428,0.4289,0.4261,0.609,0.5847,0.5952,0.6648,0.6046,0.6364,0.6645,0.6034,0.6339,0.5833,0.5716,0.5595,0.7129,0.6654,0.6898,0.4427,0.4425,0.4395,0.4506,0.4483,0.4367,0.2157,0.2149,0.2077,0.5072,0.4967,0.4931,0.5288,0.5236,0.5274,0.5334,0.5244,0.5285,0.5012,0.4951,0.4999,0.6118,0.5898,0.5966,0.3595,0.3574,0.3523,0.6628,0.6297,0.6428,0.3442,0.2288,0.2659,0.1058,0.1046,0.1045,0.5771,0.5646,0.5675,0.4484,0.4471,0.4462,0.2902,0.2922,0.2908,0.2406,0.2386,0.2584,0.1025,0.102,0.1037,0.2714,0.2464,0.2475,0.6532,0.5681,0.6251,0.77,0.7107,0.7449,0.6475,0.6026,0.6271,0.4359,0.4266,0.4374,0.4325,0.4271,0.4262,0.8304,0.7604,0.8166,0.3807,0.3801,0.3778,0.4375,0.4344,0.4376,0.6981,0.689,0.693,0.5833,0.5615,0.5617,0.4598,0.4579,0.4566,0.6506,0.6312,0.6394,0.6534,0.6347,0.6417,0.5027,0.4848,0.4913,0.5618,0.5477,0.5538,0.7986,0.6836,0.7673,0.8008,0.6904,0.7655,0.5593,0.5369,0.5465,0.5565,0.5321,0.5444,0.5922,0.5783,0.5893,0.8215,0.735,0.7897,0.7638,0.7018,0.7401,0.6546,0.6273,0.6388,0.8915,0.7782,0.8819,0.9121,0.7724,0.9146,0.9062,0.7874,0.913,0.6165,0.6024,0.6068,0.889,0.7962,0.8829,0.3264,0.3248,0.3269,0.8422,0.7615,0.8284,0.824,0.7478,0.8055,0.8258,0.7415,0.8083,0.5619,0.5542,0.5539,0.7946,0.7463,0.7813,0.9136,0.7983,0.9298,0.6277,0.6055,0.6081,0.709,0.6753,0.6942,0.9166,0.7852,0.9317,0.8933,0.8051,0.8929,0.8986,0.7953,0.8994,0.8989,0.802,0.8985,0.8934,0.7938,0.8926,0.9054,0.7598,0.9134,0.8795,0.7933,0.8733,0.9013,0.8282,0.9012
570,0.802,0.7206,0.777,0.8051,0.726,0.7837,0.591,0.5711,0.5803,0.4471,0.4332,0.4304,0.6087,0.5851,0.5953,0.633,0.5828,0.6082,0.6327,0.5811,0.6052,0.5826,0.5717,0.5595,0.6939,0.6522,0.6728,0.4217,0.4229,0.419,0.4295,0.4279,0.4158,0.1724,0.1718,0.1659,0.4807,0.4709,0.4674,0.5042,0.5007,0.5039,0.5092,0.5013,0.505,0.4738,0.4696,0.4741,0.5932,0.5727,0.5781,0.4392,0.4349,0.4309,0.7359,0.6811,0.7148,0.4062,0.2616,0.3108,0.1537,0.1532,0.1538,0.6633,0.6365,0.6484,0.5302,0.5245,0.5254,0.444,0.4394,0.4384,0.3148,0.3122,0.3306,0.1544,0.1539,0.1555,0.4167,0.384,0.3878,0.7411,0.6281,0.7092,0.7285,0.6831,0.7043,0.5953,0.5641,0.58,0.3735,0.3672,0.3778,0.3697,0.368,0.3661,0.8253,0.7588,0.8123,0.3219,0.3225,0.3201,0.3785,0.3776,0.3798,0.7003,0.6907,0.6953,0.5314,0.5172,0.5087,0.4001,0.4007,0.3978,0.6008,0.589,0.5927,0.6039,0.593,0.5959,0.6702,0.6206,0.646,0.5819,0.5657,0.5729,0.8349,0.7044,0.8102,0.8369,0.7098,0.809,0.6121,0.5786,0.5951,0.5787,0.5506,0.5649,0.5983,0.5841,0.5949,0.8726,0.7656,0.8492,0.8083,0.7305,0.7853,0.6846,0.6512,0.6671,0.9007,0.7848,0.8966,0.9158,0.7764,0.923,0.9129,0.7928,0.9253,0.6524,0.6332,0.6404,0.8958,0.8021,0.8941,0.3515,0.3496,0.3519,0.8402,0.7618,0.8271,0.8703,0.7778,0.8616,0.8711,0.7691,0.8637,0.5816,0.5722,0.5731,0.8317,0.7725,0.8211,0.9193,0.8033,0.9424,0.6452,0.6196,0.6246,0.7075,0.675,0.6935,0.9205,0.789,0.9397,0.8933,0.8068,0.8942,0.9008,0.7981,0.9043,0.8993,0.8036,0.9005,0.8956,0.7968,0.8968,0.9085,0.7635,0.9212,0.8816,0.7958,0.8772,0.9011,0.8298,0.9025
580,0.7939,0.7176,0.7698,0.7974,0.7231,0.7766,0.5732,0.5562,0.5637,0.4563,0.4422,0.4399,0.6144,0.5901,0.6012,0.6006,0.559,0.5791,0.6004,0.5572,0.5757,0.5857,0.5749,0.563,0.6762,0.6402,0.6578,0.4093,0.4109,0.4065,0.4169,0.4154,0.4029,0.1427,0.1423,0.1372,0.4588,0.4494,0.446,0.4836,0.4807,0.4839,0.4888,0.4813,0.4848,0.4512,0.4483,0.4526,0.5766,0.557,0.5614,0.5512,0.5388,0.5391,0.811,0.7288,0.7936,0.4979,0.306,0.3812,0.2421,0.2417,0.2433,0.758,0.708,0.7391,0.6451,0.6262,0.6358,0.6135,0.5888,0.5986,0.433,0.4255,0.4425,0.2514,0.25,0.2515,0.5878,0.5354,0.5554,0.8195,0.6772,0.7958,0.6884,0.6546,0.666,0.5463,0.525,0.5353,0.3231,0.3182,0.3293,0.3194,0.3192,0.3168,0.821,0.7573,0.8082,0.2754,0.2766,0.2742,0.3338,0.334,0.3358,0.7011,0.6911,0.6957,0.4861,0.4758,0.4619,0.3509,0.3525,0.3489,0.5542,0.5469,0.548,0.5576,0.5519,0.5523,0.789,0.7028,0.7628,0.6059,0.5864,0.5955,0.8575,0.7184,0.8411,0.8593,0.7221,0.8414,0.6725,0.6236,0.6508,0.5965,0.5648,0.5812,0.605,0.5906,0.6016,0.8971,0.7809,0.8855,0.8577,0.7614,0.8411,0.7169,0.6762,0.6977,0.9062,0.7901,0.9067,0.9192,0.7806,0.9315,0.918,0.798,0.9361,0.6932,0.667,0.6791,0.9019,0.8081,0.9051,0.3748,0.3723,0.3751,0.8391,0.763,0.8271,0.8971,0.796,0.9018,0.8976,0.7861,0.9031,0.6053,0.5933,0.5958,0.8707,0.7993,0.8673,0.9241,0.8084,0.9533,0.6625,0.6335,0.6409,0.7086,0.6765,0.6952,0.9245,0.7935,0.9477,0.8955,0.8101,0.8978,0.9043,0.802,0.9098,0.9014,0.8069,0.9049,0.8983,0.8004,0.9021,0.9119,0.7676,0.9292,0.8849,0.8001,0.8829,0.9035,0.8329,0.9065
590,0.7862,0.7147,0.7632,0.7902,0.7202,0.77,0.5593,0.5443,0.5506,0.4745,0.4594,0.4585,0.6287,0.6025,0.6161,0.5693,0.5353,0.5509,0.569,0.5333,0.5475,0.5961,0.5844,0.5733,0.6604,0.6288,0.6438,0.4085,0.4102,0.4057,0.4155,0.4138,0.4014,0.1247,0.1242,0.1201,0.4406,0.4312,0.4281,0.4651,0.4629,0.4665,0.471,0.4635,0.4671,0.4325,0.4303,0.4348,0.5622,0.5434,0.5471,0.6737,0.6431,0.6558,0.8678,0.7626,0.8616,0.5961,0.3508,0.4648,0.3708,0.3684,0.3706,0.8343,0.7604,0.8183,0.7615,0.7186,0.7492,0.7521,0.6954,0.7316,0.5786,0.5553,0.5772,0.3928,0.3878,0.3903,0.7347,0.6484,0.7038,0.8686,0.7057,0.8629,0.6554,0.6294,0.6348,0.5033,0.4885,0.4956,0.2857,0.2812,0.2929,0.2821,0.2826,0.2803,0.8164,0.7561,0.8039,0.2402,0.2412,0.239,0.3051,0.3056,0.3074,0.695,0.686,0.6901,0.4511,0.4429,0.4256,0.3118,0.3141,0.3101,0.5106,0.5061,0.5055,0.5139,0.5115,0.5109,0.8519,0.7412,0.8361,0.6347,0.6102,0.6231,0.8707,0.727,0.8626,0.8723,0.7304,0.8633,0.7156,0.6545,0.6919,0.6122,0.5774,0.5957,0.6147,0.5998,0.6113,0.907,0.7886,0.9048,0.8959,0.7848,0.892,0.7375,0.692,0.7176,0.9076,0.7932,0.9112,0.9212,0.785,0.939,0.9213,0.8021,0.945,0.7239,0.6918,0.7088,0.9066,0.8136,0.9151,0.3953,0.3924,0.3958,0.8389,0.7645,0.8283,0.9109,0.8061,0.9279,0.9109,0.796,0.929,0.6335,0.6178,0.6231,0.8993,0.8193,0.9062,0.9274,0.8134,0.9627,0.6694,0.6399,0.6476,0.7152,0.6826,0.7024,0.9282,0.7978,0.9561,0.901,0.8157,0.9067,0.9091,0.807,0.9174,0.9068,0.8124,0.9135,0.9022,0.8053,0.9091,0.916,0.7726,0.938,0.8911,0.8064,0.8928,0.9091,0.8386,0.9156
600,0.776,0.7101,0.7543,0.7809,0.7158,0.7613,0.5441,0.5312,0.536,0.5,0.4843,0.4843,0.6517,0.6219,0.6385,0.5404,0.5128,0.5247,0.5401,0.5106,0.5211,0.6081,0.595,0.5844,0.6432,0.6156,0.6281,0.4106,0.4124,0.4078,0.4169,0.4153,0.4029,0.1112,0.1108,0.107,0.4208,0.4115,0.409,0.4449,0.4434,0.4472,0.4513,0.4439,0.4476,0.4121,0.4109,0.4156,0.5469,0.5286,0.5318,0.7744,0.7195,0.7533,0.8981,0.7806,0.9068,0.6704,0.3823,0.535,0.5127,0.5019,0.5061,0.8783,0.7891,0.8723,0.8422,0.7759,0.8347,0.8347,0.7505,0.8195,0.7108,0.6604,0.6991,0.5496,0.5325,0.5411,0.824,0.7066,0.8042,0.8905,0.7191,0.9019,0.6292,0.6087,0.6103,0.4662,0.4559,0.461,0.2564,0.2524,0.2639,0.2529,0.2536,0.2517,0.8104,0.7539,0.7982,0.2125,0.2133,0.2114,0.2869,0.2875,0.2892,0.6838,0.6758,0.6792,0.4269,0.4195,0.4006,0.2787,0.2815,0.2774,0.4681,0.4649,0.4642,0.4711,0.4708,0.4701,0.8816,0.7601,0.8797,0.6658,0.6359,0.653,0.8802,0.7344,0.8791,0.8818,0.7374,0.8799,0.729,0.6645,0.7061,0.6315,0.5925,0.6137,0.6302,0.6138,0.6263,0.9131,0.7944,0.9164,0.9172,0.7988,0.927,0.7402,0.6949,0.7214,0.9087,0.7969,0.914,0.9247,0.7898,0.9471,0.9253,0.8071,0.9533,0.7366,0.7024,0.7212,0.9125,0.8196,0.9257,0.4102,0.4072,0.4106,0.839,0.7667,0.8292,0.921,0.8149,0.9471,0.9208,0.8044,0.948,0.6645,0.6441,0.6529,0.9147,0.8313,0.9309,0.9316,0.8188,0.9724,0.6627,0.6355,0.6414,0.725,0.6908,0.7121,0.9317,0.8022,0.9635,0.9073,0.8221,0.918,0.9148,0.8128,0.9267,0.9138,0.8182,0.9242,0.9072,0.8109,0.9178,0.9196,0.7773,0.9463,0.8991,0.8133,0.9049,0.9158,0.8453,0.9267
610,0.7645,0.7043,0.7439,0.7704,0.7108,0.7512,0.5276,0.5167,0.5197,0.5424,0.5237,0.5261,0.6889,0.6522,0.6747,0.5231,0.499,0.509,0.5228,0.4966,0.5051,0.6199,0.6058,0.5955,0.6244,0.601,0.6114,0.4134,0.4158,0.4105,0.4189,0.4172,0.4049,0.1024,0.102,0.0982,0.4005,0.3911,0.3888,0.4243,0.4228,0.4272,0.4311,0.4235,0.4273,0.3911,0.3907,0.3956,0.5306,0.5122,0.5152,0.8452,0.7685,0.8287,0.9143,0.7913,0.9359,0.7178,0.4016,0.5867,0.6418,0.6127,0.6273,0.9025,0.8053,0.9085,0.8879,0.8064,0.8924,0.8793,0.7788,0.8767,0.8069,0.7286,0.7943,0.6911,0.6499,0.6761,0.8707,0.7348,0.8678,0.9011,0.7263,0.9254,0.6148,0.5971,0.5967,0.437,0.4297,0.4338,0.2358,0.2321,0.2436,0.2323,0.2333,0.2312,0.8034,0.7507,0.7916,0.1927,0.1934,0.1917,0.2781,0.2791,0.2803,0.6764,0.6692,0.6722,0.412,0.405,0.385,0.255,0.2575,0.2534,0.439,0.4367,0.4364,0.4427,0.4431,0.4423,0.8988,0.7721,0.9094,0.6996,0.663,0.6856,0.8871,0.7405,0.893,0.8891,0.7433,0.8937,0.7255,0.6635,0.7039,0.6553,0.6106,0.6358,0.6519,0.6336,0.647,0.9173,0.7994,0.9251,0.9287,0.8075,0.9494,0.7341,0.6914,0.7161,0.9092,0.7999,0.9168,0.9279,0.7941,0.9554,0.9289,0.8117,0.962,0.7369,0.7033,0.722,0.9178,0.8254,0.9358,0.4199,0.4171,0.4205,0.8388,0.7684,0.8301,0.9282,0.8222,0.9628,0.928,0.811,0.9632,0.6977,0.6717,0.6854,0.9237,0.8393,0.947,0.9354,0.8237,0.9816,0.6491,0.6256,0.6286,0.7354,0.6992,0.7226,0.9349,0.8064,0.9708,0.9153,0.829,0.9316,0.9212,0.8186,0.938,0.9213,0.8246,0.9376,0.9141,0.8174,0.9305,0.9229,0.7814,0.9546,0.9079,0.8208,0.9192,0.9237,0.8521,0.9404
620,0.7572,0.7013,0.7377,0.7641,0.7082,0.7454,0.5176,0.5077,0.5101,0.6063,0.5799,0.5888,0.741,0.6921,0.7267,0.5242,0.4996,0.5099,0.524,0.4976,0.5064,0.636,0.6203,0.6109,0.6119,0.5912,0.6006,0.4217,0.4241,0.4188,0.4269,0.4249,0.4126,0.1005,0.1002,0.0964,0.3881,0.3783,0.3764,0.4108,0.4098,0.4143,0.4184,0.4108,0.4148,0.3781,0.3783,0.3834,0.52,0.5019,0.5045,0.8869,0.7964,0.8809,0.9232,0.7986,0.9541,0.746,0.4134,0.6238,0.7352,0.6839,0.7167,0.916,0.8157,0.9317,0.9098,0.8221,0.9272,0.9017,0.7943,0.9119,0.8612,0.7646,0.8576,0.7893,0.7208,0.774,0.8923,0.7491,0.9053,0.9069,0.7314,0.9402,0.6175,0.6,0.5997,0.4272,0.4204,0.4242,0.2297,0.2261,0.2373,0.2263,0.2273,0.2253,0.7997,0.7491,0.7882,0.1863,0.1869,0.1851,0.2817,0.283,0.2839,0.6804,0.6729,0.6759,0.4119,0.4052,0.3846,0.2463,0.2489,0.2448,0.4379,0.4351,0.4348,0.442,0.4419,0.4411,0.9093,0.7809,0.9299,0.7346,0.6899,0.7198,0.8929,0.7464,0.9051,0.895,0.7484,0.9059,0.7206,0.6617,0.6998,0.6798,0.6285,0.659,0.6758,0.6552,0.6703,0.9206,0.8041,0.9321,0.9352,0.8135,0.9636,0.7294,0.6888,0.7121,0.9122,0.8039,0.9226,0.9308,0.7986,0.963,0.9321,0.8163,0.9698,0.7346,0.7028,0.7209,0.9228,0.8313,0.9458,0.4281,0.4249,0.4289,0.8408,0.7713,0.8337,0.9335,0.8285,0.9749,0.9334,0.8173,0.9759,0.7319,0.6992,0.719,0.93,0.8459,0.959,0.9387,0.8287,0.9901,0.639,0.6182,0.6194,0.75,0.7111,0.7371,0.9379,0.8107,0.9779,0.9248,0.8373,0.948,0.9289,0.8252,0.9512,0.9296,0.8317,0.9535,0.9229,0.825,0.947,0.9259,0.786,0.9624,0.9174,0.829,0.9354,0.9333,0.8602,0.9575
630,0.7576,0.7028,0.7386,0.7644,0.7096,0.7465,0.5185,0.5085,0.5109,0.6864,0.6437,0.6674,0.799,0.7336,0.7871,0.5362,0.5097,0.5215,0.5363,0.5076,0.5176,0.6615,0.6422,0.6353,0.6101,0.5899,0.599,0.4406,0.4421,0.4373,0.4448,0.4425,0.4305,0.1051,0.1044,0.1007,0.3881,0.3778,0.376,0.4089,0.4081,0.4127,0.4169,0.409,0.4133,0.3775,0.3781,0.3832,0.5191,0.5009,0.5037,0.9072,0.8109,0.9132,0.928,0.8037,0.9654,0.7664,0.4227,0.6549,0.7922,0.7226,0.7758,0.923,0.8219,0.9463,0.9198,0.8298,0.9467,0.9117,0.8016,0.9326,0.8876,0.7815,0.8955,0.8433,0.7549,0.8342,0.9012,0.7556,0.9265,0.9099,0.7346,0.9503,0.6328,0.6132,0.6146,0.4332,0.4261,0.4297,0.2365,0.2328,0.2436,0.233,0.2338,0.2319,0.8014,0.7519,0.7906,0.1903,0.1909,0.1888,0.2952,0.2964,0.2974,0.691,0.6831,0.6868,0.4239,0.4169,0.3969,0.2506,0.2533,0.2491,0.4519,0.4487,0.4487,0.4556,0.4552,0.4544,0.9145,0.7859,0.9434,0.7668,0.7139,0.753,0.897,0.7507,0.9147,0.8991,0.7527,0.9157,0.7212,0.6632,0.7009,0.7012,0.6435,0.6797,0.6982,0.6748,0.6925,0.923,0.8075,0.9381,0.9392,0.8185,0.9732,0.7311,0.6908,0.7142,0.9155,0.8078,0.9293,0.9335,0.8028,0.9694,0.9353,0.8206,0.9759,0.7368,0.7053,0.7237,0.9272,0.8366,0.9556,0.4382,0.4347,0.4389,0.8462,0.7768,0.8408,0.937,0.8331,0.9838,0.937,0.8217,0.985,0.7642,0.7239,0.7514,0.935,0.8518,0.9689,0.9421,0.8337,0.9986,0.638,0.6179,0.6182,0.7715,0.7274,0.7594,0.9414,0.8151,0.9849,0.9358,0.8466,0.9673,0.9376,0.8324,0.9658,0.94,0.8402,0.9719,0.9327,0.833,0.9649,0.9299,0.7914,0.9709,0.9278,0.8376,0.9524,0.9442,0.8698,0.9781
640,0.7647,0.7087,0.7464,0.7713,0.7156,0.7543,0.5284,0.5179,0.5203,0.7715,0.7051,0.7531,0.8531,0.7706,0.8495,0.5514,0.5224,0.5359,0.5515,0.5206,0.5322,0.6984,0.6729,0.6706,0.6174,0.5966,0.6064,0.4701,0.4697,0.4661,0.4727,0.469,0.4586,0.1109,0.1104,0.1062,0.3973,0.3866,0.3849,0.416,0.4148,0.4195,0.4239,0.4154,0.42,0.3866,0.3869,0.3921,0.5275,0.509,0.5122,0.921,0.8216,0.937,0.9333,0.8092,0.9763,0.7891,0.4326,0.6911,0.8305,0.7477,0.82,0.9298,0.8283,0.9594,0.928,0.8371,0.9623,0.9207,0.8092,0.9509,0.9057,0.7941,0.9239,0.8755,0.7752,0.8758,0.9094,0.7625,0.9445,0.9141,0.7388,0.9604,0.6524,0.6302,0.6343,0.4473,0.4395,0.4433,0.2487,0.2449,0.2554,0.2451,0.2456,0.2439,0.8089,0.7589,0.7989,0.1999,0.2002,0.1982,0.3135,0.3145,0.3152,0.7038,0.6951,0.6998,0.4431,0.4353,0.4168,0.261,0.2634,0.2593,0.4672,0.4632,0.4638,0.4701,0.469,0.4684,0.9208,0.7918,0.9574,0.7978,0.7366,0.7855,0.9025,0.7559,0.9255,0.9046,0.7578,0.9262,0.7291,0.6698,0.7097,0.7223,0.6587,0.7013,0.721,0.6946,0.7151,0.9271,0.8127,0.9459,0.944,0.8242,0.983,0.7398,0.6986,0.7232,0.9202,0.8134,0.9376,0.9374,0.8079,0.9768,0.9397,0.8261,0.984,0.7463,0.7134,0.733,0.9335,0.843,0.967,0.453,0.449,0.4536,0.855,0.7846,0.8517,0.9424,0.8388,0.9944,0.9419,0.8272,0.9952,0.7954,0.7475,0.7839,0.9414,0.8583,0.9795,0.947,0.8394,1.0079,0.6452,0.6242,0.6246,0.8009,0.7493,0.7897,0.9459,0.8201,0.9923,0.9466,0.856,0.9877,0.9465,0.84,0.9809,0.9507,0.8489,0.9917,0.9414,0.8412,0.9815,0.9351,0.797,0.9803,0.9388,0.8468,0.9708,0.9553,0.8792,1.0001
650,0.7741,0.7165,0.7564,0.7806,0.7238,0.7646,0.541,0.5295,0.5326,0.8442,0.753,0.8327,0.894,0.7977,0.9033,0.5595,0.5293,0.5435,0.5592,0.5276,0.54,0.7417,0.7086,0.7132,0.6286,0.6068,0.6176,0.5042,0.5013,0.4994,0.5048,0.4995,0.4908,0.114,0.1133,0.1092,0.4094,0.3984,0.3967,0.4254,0.4243,0.4291,0.4332,0.4249,0.4294,0.3987,0.3985,0.404,0.5397,0.5209,0.5245,0.932,0.8306,0.9553,0.9396,0.8151,0.9873,0.8138,0.4426,0.7337,0.859,0.7662,0.8555,0.9371,0.8349,0.9718,0.9364,0.8446,0.9761,0.9302,0.8173,0.9677,0.9196,0.8049,0.9474,0.8973,0.7899,0.9061,0.9178,0.7693,0.9616,0.9193,0.7432,0.9705,0.665,0.6412,0.6471,0.4573,0.4489,0.4533,0.2561,0.2522,0.2629,0.2527,0.2533,0.2513,0.8183,0.7669,0.8091,0.2045,0.2046,0.2026,0.3257,0.3266,0.3277,0.71,0.701,0.7061,0.4585,0.4505,0.4332,0.2652,0.2676,0.2633,0.4651,0.4608,0.4619,0.4666,0.4654,0.4656,0.9273,0.7981,0.9699,0.8253,0.7566,0.8161,0.9084,0.7615,0.9363,0.9106,0.7629,0.9367,0.7392,0.678,0.7203,0.743,0.6731,0.7227,0.7435,0.7141,0.7369,0.9327,0.8188,0.9546,0.9496,0.8295,0.9919,0.75,0.7072,0.7339,0.9241,0.8181,0.9433,0.9421,0.8133,0.9849,0.9444,0.8312,0.9922,0.7569,0.7227,0.7441,0.9411,0.8502,0.9796,0.4693,0.465,0.4696,0.8649,0.7925,0.864,0.9483,0.8448,1.0058,0.948,0.8333,1.0062,0.8227,0.7684,0.8138,0.9481,0.8649,0.9903,0.9526,0.845,1.0175,0.6545,0.6327,0.634,0.8335,0.7733,0.8246,0.9507,0.8256,1,0.9562,0.8645,1.0067,0.9552,0.8475,0.9955,0.96,0.8568,1.0106,0.9489,0.8482,0.9956,0.9404,0.8024,0.9896,0.9492,0.8558,0.9893,0.9653,0.8879,1.0211
660,0.7807,0.7229,0.764,0.7875,0.7299,0.772,0.549,0.5369,0.5403,0.893,0.783,0.8933,0.919,0.8143,0.94,0.5452,0.5183,0.5311,0.5443,0.5165,0.5269,0.7837,0.7417,0.7552,0.6371,0.6145,0.6267,0.5335,0.5287,0.528,0.5315,0.525,0.5176,0.11,0.1091,0.1051,0.4161,0.4046,0.4032,0.4306,0.4293,0.4345,0.4385,0.4305,0.4349,0.405,0.4051,0.411,0.5484,0.5295,0.5332,0.9408,0.8383,0.9695,0.9465,0.8213,0.998,0.837,0.4519,0.7767,0.8808,0.7808,0.8838,0.9445,0.8419,0.9833,0.9449,0.8521,0.9891,0.9398,0.8254,0.9835,0.9317,0.8143,0.9668,0.9138,0.8014,0.9292,0.9267,0.7768,0.9774,0.9249,0.7477,0.9808,0.6602,0.6375,0.6432,0.4475,0.4401,0.4442,0.2489,0.2452,0.2559,0.2457,0.2461,0.2446,0.8261,0.7737,0.8171,0.1944,0.1944,0.1924,0.321,0.3218,0.323,0.6999,0.6923,0.697,0.4567,0.4494,0.4333,0.2518,0.2544,0.2499,0.4238,0.4201,0.4214,0.4235,0.4232,0.424,0.9343,0.805,0.9815,0.848,0.7732,0.8423,0.9153,0.7674,0.9471,0.9172,0.7687,0.9479,0.7469,0.6846,0.7285,0.7622,0.6862,0.7427,0.763,0.7308,0.7566,0.9393,0.8249,0.964,0.9556,0.8353,1.0007,0.7572,0.7132,0.7415,0.9244,0.8208,0.9416,0.9477,0.8189,0.9936,0.9502,0.8371,1.0007,0.7645,0.7296,0.7523,0.9496,0.858,0.9931,0.4829,0.4784,0.4833,0.8744,0.8007,0.8751,0.9555,0.8523,1.0177,0.9553,0.8408,1.0181,0.8456,0.7856,0.8394,0.9558,0.8725,1.002,0.9591,0.8517,1.0281,0.6614,0.6392,0.6414,0.8643,0.7956,0.8598,0.9566,0.8313,1.0088,0.9656,0.8725,1.0237,0.964,0.8548,1.0097,0.969,0.8645,1.028,0.9566,0.8553,1.0087,0.9464,0.8084,0.9993,0.9597,0.8645,1.0078,0.9748,0.8963,1.0405
670,0.7861,0.7283,0.7701,0.7935,0.7357,0.7784,0.5535,0.5413,0.5446,0.9225,0.8016,0.9358,0.9342,0.8258,0.9642,0.5281,0.5049,0.5154,0.5268,0.5033,0.5109,0.8249,0.773,0.7984,0.643,0.6201,0.6328,0.5583,0.5517,0.5522,0.5539,0.5458,0.5402,0.1062,0.1053,0.1012,0.4184,0.4065,0.4056,0.4331,0.4316,0.4374,0.4417,0.4331,0.438,0.4068,0.4073,0.4135,0.5546,0.5357,0.5399,0.9485,0.8459,0.9813,0.9536,0.8287,1.0083,0.8577,0.4612,0.8228,0.8978,0.7929,0.9077,0.9524,0.8491,0.9947,0.9532,0.8595,1.0011,0.9481,0.8329,0.9978,0.9421,0.8227,0.9836,0.9263,0.8111,0.9486,0.9345,0.7836,0.991,0.9309,0.753,0.9901,0.6521,0.6316,0.6363,0.4222,0.4165,0.4201,0.2369,0.2335,0.2441,0.2338,0.2342,0.2334,0.8326,0.7799,0.8243,0.1787,0.1786,0.1769,0.3127,0.3138,0.3145,0.6847,0.678,0.6823,0.4433,0.4368,0.4216,0.2342,0.2368,0.2324,0.3675,0.3646,0.3664,0.3671,0.3678,0.3687,0.941,0.8119,0.9912,0.8676,0.788,0.8653,0.923,0.7738,0.9588,0.9248,0.7753,0.9591,0.7539,0.691,0.7356,0.7796,0.6988,0.7613,0.7805,0.7458,0.7742,0.9456,0.8315,0.9738,0.9622,0.8425,1.0092,0.7624,0.7185,0.7474,0.9229,0.8224,0.9354,0.9546,0.8257,1.003,0.9577,0.844,1.0105,0.7699,0.7351,0.7584,0.9587,0.8663,1.007,0.4942,0.489,0.4945,0.8842,0.8091,0.8865,0.9634,0.8599,1.0293,0.963,0.8483,1.0302,0.8657,0.8011,0.8622,0.9646,0.8807,1.0143,0.9666,0.8595,1.0394,0.6677,0.6454,0.6477,0.8931,0.8159,0.8944,0.9638,0.8381,1.0184,0.9752,0.8812,1.0401,0.9737,0.8631,1.0245,0.9788,0.8725,1.0437,0.9653,0.864,1.0223,0.954,0.8155,1.01,0.9707,0.8736,1.0263,0.9846,0.9057,1.0592
680,0.7938,0.735,0.7783,0.8019,0.7434,0.7871,0.5612,0.5485,0.5512,0.9409,0.8144,0.9657,0.9462,0.8358,0.9839,0.5514,0.5236,0.5371,0.5508,0.5224,0.5325,0.8627,0.8016,0.8409,0.6514,0.6277,0.6412,0.5826,0.5746,0.576,0.5769,0.5673,0.5631,0.114,0.113,0.1089,0.4234,0.4113,0.4107,0.4392,0.4378,0.444,0.4484,0.439,0.4446,0.4115,0.4122,0.4184,0.5654,0.5464,0.5512,0.9567,0.8529,0.9933,0.961,0.8355,1.0192,0.876,0.4695,0.87,0.9129,0.8034,0.9293,0.9605,0.8565,1.0064,0.9613,0.8673,1.0132,0.9564,0.8405,1.0114,0.9516,0.8311,0.9997,0.938,0.8201,0.9663,0.9421,0.7904,1.0046,0.9369,0.7587,1.0002,0.668,0.6458,0.6518,0.4138,0.4086,0.4118,0.2436,0.2399,0.2504,0.2405,0.2405,0.2397,0.8413,0.7877,0.8336,0.1798,0.1793,0.1778,0.3273,0.3282,0.329,0.6919,0.6851,0.6898,0.4469,0.4404,0.4256,0.2407,0.243,0.2388,0.3631,0.3601,0.3621,0.3639,0.3645,0.3652,0.9479,0.8185,1.0022,0.8856,0.8014,0.8874,0.9308,0.7807,0.9704,0.9324,0.7819,0.9711,0.7651,0.7002,0.7474,0.7948,0.7102,0.7784,0.7952,0.7589,0.7895,0.9531,0.8387,0.9836,0.9694,0.8495,1.0194,0.7713,0.7266,0.7569,0.9273,0.8278,0.9404,0.9615,0.8329,1.0129,0.9649,0.8512,1.0208,0.778,0.7424,0.7666,0.9676,0.8746,1.0214,0.5074,0.5014,0.5076,0.8946,0.8181,0.899,0.9709,0.8672,1.0413,0.9708,0.8551,1.0422,0.8839,0.8153,0.8835,0.9732,0.8889,1.0263,0.9742,0.8671,1.0507,0.6788,0.6556,0.658,0.9176,0.8336,0.9266,0.9714,0.8453,1.0285,0.9844,0.8893,1.0547,0.983,0.8717,1.0384,0.9879,0.881,1.0583,0.9742,0.872,1.0351,0.962,0.8232,1.0211,0.9807,0.8828,1.0428,0.9937,0.9144,1.076
690,0.8065,0.7455,0.7919,0.8155,0.7545,0.8011,0.5773,0.5634,0.5661,0.9545,0.8244,0.9873,0.9577,0.8452,1.0026,0.6169,0.5747,0.5983,0.6169,0.574,0.5941,0.892,0.8239,0.8765,0.666,0.6403,0.6555,0.6088,0.5991,0.6016,0.6036,0.5919,0.5888,0.1358,0.1346,0.1304,0.4378,0.4251,0.4247,0.4537,0.4524,0.4583,0.4629,0.453,0.4589,0.4254,0.4263,0.4322,0.5856,0.5656,0.5714,0.9654,0.8607,1.0056,0.9689,0.8421,1.0304,0.8904,0.4759,0.9108,0.9265,0.8135,0.9483,0.9683,0.8644,1.0182,0.9696,0.8749,1.0254,0.965,0.8486,1.0254,0.961,0.8397,1.0148,0.9496,0.8288,0.9829,0.9504,0.7975,1.0186,0.9438,0.7641,1.0112,0.7141,0.6839,0.6968,0.4467,0.4396,0.4432,0.2785,0.2744,0.285,0.275,0.2751,0.2735,0.8549,0.7992,0.8486,0.2089,0.2084,0.2064,0.3729,0.3731,0.3741,0.7306,0.7217,0.7278,0.4861,0.4776,0.4636,0.2806,0.2828,0.2783,0.4343,0.43,0.4314,0.4365,0.4358,0.4355,0.9564,0.8258,1.016,0.9023,0.814,0.9078,0.9385,0.7875,0.9819,0.9403,0.7883,0.9826,0.7831,0.714,0.7666,0.8079,0.7198,0.7935,0.8075,0.7697,0.8021,0.9616,0.8462,0.9947,0.9768,0.8566,1.0305,0.7873,0.7397,0.7727,0.9425,0.8394,0.9639,0.9686,0.8396,1.0229,0.9719,0.8585,1.0305,0.7924,0.7548,0.7812,0.9762,0.8829,1.0348,0.5258,0.5189,0.5258,0.9064,0.8282,0.9132,0.979,0.875,1.0539,0.9786,0.8626,1.0542,0.9005,0.828,0.9037,0.9816,0.8971,1.0382,0.9819,0.8744,1.0619,0.6978,0.6718,0.6762,0.9359,0.8474,0.953,0.9785,0.8522,1.0383,0.9925,0.8969,1.0663,0.9915,0.8792,1.0504,0.9958,0.8889,1.0709,0.9821,0.8789,1.0465,0.9694,0.8301,1.0317,0.9895,0.8906,1.0564,1.0021,0.9223,1.0898
700,0.8284,0.7614,0.8153,0.8367,0.7705,0.8246,0.6067,0.5901,0.5945,0.9671,0.8342,1.0086,0.9695,0.8548,1.0224,0.6913,0.6301,0.6686,0.691,0.6301,0.6642,0.9184,0.8441,0.9105,0.692,0.6632,0.6803,0.6441,0.6308,0.6353,0.6398,0.6242,0.6238,0.1697,0.1683,0.1637,0.4673,0.454,0.4531,0.4813,0.4798,0.4851,0.4904,0.4803,0.4859,0.4547,0.4553,0.4608,0.6187,0.5971,0.6043,0.9744,0.8694,1.0188,0.9764,0.8491,1.0417,0.903,0.4818,0.9507,0.9405,0.8239,0.9683,0.9768,0.8719,1.0309,0.978,0.8829,1.0378,0.9747,0.8571,1.0409,0.9709,0.848,1.0295,0.9612,0.8384,1.0004,0.9598,0.8052,1.034,0.951,0.7695,1.0227,0.7754,0.7325,0.7579,0.5192,0.506,0.5121,0.3377,0.3331,0.3438,0.334,0.3339,0.3315,0.8755,0.8153,0.8712,0.2673,0.2668,0.264,0.4398,0.4383,0.4394,0.7827,0.7687,0.7788,0.5546,0.5409,0.5308,0.3466,0.3488,0.3439,0.55,0.5421,0.5445,0.5538,0.5482,0.5478,0.9658,0.8344,1.0314,0.9202,0.8272,0.9308,0.9459,0.7941,0.9938,0.948,0.7947,0.9947,0.8114,0.7342,0.7955,0.8219,0.7299,0.8084,0.819,0.78,0.8141,0.9697,0.8536,1.0073,0.9846,0.8638,1.0414,0.8124,0.7592,0.7978,0.9623,0.8537,0.9962,0.9756,0.8462,1.0332,0.9793,0.8652,1.0406,0.816,0.7743,0.8055,0.9848,0.8916,1.0492,0.5549,0.5465,0.5542,0.9214,0.8392,0.9321,0.9872,0.8834,1.0664,0.9868,0.8709,1.0667,0.9186,0.8422,0.9265,0.9894,0.9052,1.0504,0.9894,0.8818,1.0732,0.728,0.6968,0.7058,0.953,0.8602,0.9785,0.9856,0.8583,1.0473,0.9998,0.9041,1.0776,0.9991,0.8862,1.0617,1.0031,0.8957,1.0823,0.9893,0.8858,1.0572,0.9758,0.8359,1.0417,0.9973,0.8978,1.0689,1.0097,0.9294,1.1026
